job_id	script
12405572	run_exp1_ttft_reduction_llama3_hf.sbatch
12405573	run_exp1_ttft_reduction_llama3_sglang.sbatch
12405574	run_exp1_ttft_reduction_llama3_vllm.sbatch
12405575	run_exp1_ttft_reduction_mistral_hf.sbatch
12405576	run_exp1_ttft_reduction_mistral_sglang.sbatch
12405577	run_exp1_ttft_reduction_mistral_vllm.sbatch
12405578	run_exp2_multi_agent_scaling_llama3_hf.sbatch
12405579	run_exp2_multi_agent_scaling_llama3_sglang.sbatch
12405580	run_exp2_multi_agent_scaling_llama3_vllm.sbatch
12405581	run_exp2_multi_agent_scaling_mistral_hf.sbatch
12405582	run_exp2_multi_agent_scaling_mistral_sglang.sbatch
12405583	run_exp2_multi_agent_scaling_mistral_vllm.sbatch
12405584	run_exp3_transfer_recompute_llama3_hf.sbatch
12405585	run_exp3_transfer_recompute_llama3_sglang.sbatch
12405586	run_exp3_transfer_recompute_llama3_vllm.sbatch
12405587	run_exp3_transfer_recompute_mistral_hf.sbatch
12405588	run_exp3_transfer_recompute_mistral_sglang.sbatch
12405589	run_exp3_transfer_recompute_mistral_vllm.sbatch
12405590	run_exp4_memory_efficiency_llama3_hf.sbatch
12405591	run_exp4_memory_efficiency_llama3_sglang.sbatch
12405592	run_exp4_memory_efficiency_llama3_vllm.sbatch
12405593	run_exp4_memory_efficiency_mistral_hf.sbatch
12405594	run_exp4_memory_efficiency_mistral_sglang.sbatch
12405595	run_exp4_memory_efficiency_mistral_vllm.sbatch
12405596	run_exp5_throughput_overhead_llama3_hf.sbatch
12405597	run_exp5_throughput_overhead_llama3_sglang.sbatch
12405598	run_exp5_throughput_overhead_llama3_vllm.sbatch
12405599	run_exp5_throughput_overhead_mistral_hf.sbatch
12405600	run_exp5_throughput_overhead_mistral_sglang.sbatch
12405601	run_exp5_throughput_overhead_mistral_vllm.sbatch
12405602	run_exp6_consistency_llama3_hf.sbatch
12405603	run_exp6_consistency_llama3_sglang.sbatch
12405604	run_exp6_consistency_llama3_vllm.sbatch
12405605	run_exp6_consistency_mistral_hf.sbatch
12405606	run_exp6_consistency_mistral_sglang.sbatch
12405607	run_exp6_consistency_mistral_vllm.sbatch
