run_id,seed,model_id,backend,workload_name,context_tokens,output_tokens,num_agents,branch_factor,num_prompts,available,skipped,reason,ttft_sec,total_latency_sec,prefill_sec,decode_sec,transfer_sec,resume_sec,omega_sec,throughput_tokens_per_sec,kv_total_bytes,kv_peak_bytes,kv_transferred_bytes,kv_reuse_ratio,materialize_count,transfer_count,branch_instances,dense_prefill_sec,stateful_prefill_sec,tpot_sec,itl_sec,e2el_sec,request_throughput_req_per_sec,source_metrics_path,kvcomm_available,kvcomm_mode,kvcomm_repo,kvcomm_reference,kvcomm_anchor_overhead_sec,kvcomm_reuse_fraction,stateful_parallel_width,stateful_parallel_waves,hf_cuda_device_count,hf_active_cuda_devices,hf_tensor_parallel_size,hf_device,hf_device_map_requested,hf_device_map_effective,hf_prefill_ttft_sec
multi_b52b8dddb4da,0,mistralai/Mistral-7B-Instruct-v0.3,hf_measured,AAFLOW+,8192,64,8,1,16,True,False,,0.040602569434971814,37.908389854659774,3.0408911390086364,34.72362175997114,0.14147695568000002,0.0016,0.0008,216.09991960639877,1082130432,2218367380,24618467244,0.875,1,112,8,119.76432793634012,3.0408911390086364,,,,,runs/stateful/full_paper/exp4_memory_efficiency_mistral_hf/hf_measurements/mistralai_Mistral-7B-Instruct-v0.3/ctx8192_out64_s0/metrics.json,,,,,,,8,1,2,2,2,cuda,balanced,"{""lm_head"": ""1"", ""model.embed_tokens"": ""0"", ""model.layers.0"": ""0"", ""model.layers.1"": ""0"", ""model.layers.10"": ""0"", ""model.layers.11"": ""0"", ""model.layers.12"": ""0"", ""model.layers.13"": ""0"", ""model.layers.14"": ""0"", ""model.layers.15"": ""0"", ""model.layers.16"": ""1"", ""model.layers.17"": ""1"", ""model.layers.18"": ""1"", ""model.layers.19"": ""1"", ""model.layers.2"": ""0"", ""model.layers.20"": ""1"", ""model.layers.21"": ""1"", ""model.layers.22"": ""1"", ""model.layers.23"": ""1"", ""model.layers.24"": ""1"", ""model.layers.25"": ""1"", ""model.layers.26"": ""1"", ""model.layers.27"": ""1"", ""model.layers.28"": ""1"", ""model.layers.29"": ""1"", ""model.layers.3"": ""0"", ""model.layers.30"": ""1"", ""model.layers.31"": ""1"", ""model.layers.4"": ""0"", ""model.layers.5"": ""0"", ""model.layers.6"": ""0"", ""model.layers.7"": ""0"", ""model.layers.8"": ""0"", ""model.layers.9"": ""0"", ""model.norm"": ""1"", ""model.rotary_emb"": ""1""}",0.9356588120026572
multi_497185553477,0,mistralai/Mistral-7B-Instruct-v0.3,hf_measured,dense_prefill,8192,64,8,1,16,True,False,,0.969618598877629,397.5597020161092,119.76432793634012,277.7889740797691,0.0,0.0,0.0004,20.605710182537713,1082130432,8657043456,0,0.0,8,0,8,119.76432793634012,3.0408911390086364,,,,,runs/stateful/full_paper/exp4_memory_efficiency_mistral_hf/hf_measurements/mistralai_Mistral-7B-Instruct-v0.3/ctx8192_out64_s0/metrics.json,,,,,,,8,1,2,2,2,cuda,balanced,"{""lm_head"": ""1"", ""model.embed_tokens"": ""0"", ""model.layers.0"": ""0"", ""model.layers.1"": ""0"", ""model.layers.10"": ""0"", ""model.layers.11"": ""0"", ""model.layers.12"": ""0"", ""model.layers.13"": ""0"", ""model.layers.14"": ""0"", ""model.layers.15"": ""0"", ""model.layers.16"": ""1"", ""model.layers.17"": ""1"", ""model.layers.18"": ""1"", ""model.layers.19"": ""1"", ""model.layers.2"": ""0"", ""model.layers.20"": ""1"", ""model.layers.21"": ""1"", ""model.layers.22"": ""1"", ""model.layers.23"": ""1"", ""model.layers.24"": ""1"", ""model.layers.25"": ""1"", ""model.layers.26"": ""1"", ""model.layers.27"": ""1"", ""model.layers.28"": ""1"", ""model.layers.29"": ""1"", ""model.layers.3"": ""0"", ""model.layers.30"": ""1"", ""model.layers.31"": ""1"", ""model.layers.4"": ""0"", ""model.layers.5"": ""0"", ""model.layers.6"": ""0"", ""model.layers.7"": ""0"", ""model.layers.8"": ""0"", ""model.layers.9"": ""0"", ""model.norm"": ""1"", ""model.rotary_emb"": ""1""}",0.9356588120026572
multi_e667fae728c8,0,mistralai/Mistral-7B-Instruct-v0.3,hf_measured,aaflow_text,8192,64,8,1,16,True,False,,0.9883317751176822,399.954988574836,119.76432793634012,277.7889740797691,0.0,0.0,2.401686558726803,20.482304844329217,1082130432,9349606932,0,0.0,128,0,8,119.76432793634012,3.0408911390086364,,,,,runs/stateful/full_paper/exp4_memory_efficiency_mistral_hf/hf_measurements/mistralai_Mistral-7B-Instruct-v0.3/ctx8192_out64_s0/metrics.json,,,,,,,8,1,2,2,2,cuda,balanced,"{""lm_head"": ""1"", ""model.embed_tokens"": ""0"", ""model.layers.0"": ""0"", ""model.layers.1"": ""0"", ""model.layers.10"": ""0"", ""model.layers.11"": ""0"", ""model.layers.12"": ""0"", ""model.layers.13"": ""0"", ""model.layers.14"": ""0"", ""model.layers.15"": ""0"", ""model.layers.16"": ""1"", ""model.layers.17"": ""1"", ""model.layers.18"": ""1"", ""model.layers.19"": ""1"", ""model.layers.2"": ""0"", ""model.layers.20"": ""1"", ""model.layers.21"": ""1"", ""model.layers.22"": ""1"", ""model.layers.23"": ""1"", ""model.layers.24"": ""1"", ""model.layers.25"": ""1"", ""model.layers.26"": ""1"", ""model.layers.27"": ""1"", ""model.layers.28"": ""1"", ""model.layers.29"": ""1"", ""model.layers.3"": ""0"", ""model.layers.30"": ""1"", ""model.layers.31"": ""1"", ""model.layers.4"": ""0"", ""model.layers.5"": ""0"", ""model.layers.6"": ""0"", ""model.layers.7"": ""0"", ""model.layers.8"": ""0"", ""model.layers.9"": ""0"", ""model.norm"": ""1"", ""model.rotary_emb"": ""1""}",0.9356588120026572
multi_69d0b4883724,0,mistralai/Mistral-7B-Instruct-v0.3,hf_measured,vllm_local_prefix,8192,64,8,1,16,True,False,,0.31474493047576896,286.47472854061414,14.22201394244039,272.2331945981737,0.0,0.0128,0.00672,28.59589061042989,1082130432,8657043456,0,0.875,16,0,8,119.76432793634012,3.0408911390086364,,,,,runs/stateful/full_paper/exp4_memory_efficiency_mistral_hf/hf_measurements/mistralai_Mistral-7B-Instruct-v0.3/ctx8192_out64_s0/metrics.json,,,,,,,8,1,2,2,2,cuda,balanced,"{""lm_head"": ""1"", ""model.embed_tokens"": ""0"", ""model.layers.0"": ""0"", ""model.layers.1"": ""0"", ""model.layers.10"": ""0"", ""model.layers.11"": ""0"", ""model.layers.12"": ""0"", ""model.layers.13"": ""0"", ""model.layers.14"": ""0"", ""model.layers.15"": ""0"", ""model.layers.16"": ""1"", ""model.layers.17"": ""1"", ""model.layers.18"": ""1"", ""model.layers.19"": ""1"", ""model.layers.2"": ""0"", ""model.layers.20"": ""1"", ""model.layers.21"": ""1"", ""model.layers.22"": ""1"", ""model.layers.23"": ""1"", ""model.layers.24"": ""1"", ""model.layers.25"": ""1"", ""model.layers.26"": ""1"", ""model.layers.27"": ""1"", ""model.layers.28"": ""1"", ""model.layers.29"": ""1"", ""model.layers.3"": ""0"", ""model.layers.30"": ""1"", ""model.layers.31"": ""1"", ""model.layers.4"": ""0"", ""model.layers.5"": ""0"", ""model.layers.6"": ""0"", ""model.layers.7"": ""0"", ""model.layers.8"": ""0"", ""model.layers.9"": ""0"", ""model.norm"": ""1"", ""model.rotary_emb"": ""1""}",0.9356588120026572
multi_3e4002511c6a,0,mistralai/Mistral-7B-Instruct-v0.3,hf_measured,sglang_prefix,8192,64,8,1,16,True,False,,0.249248813635583,280.17074200941664,13.473486892838265,266.67741511657835,0.0,0.0128,0.007040000000000001,29.239312931985825,1082130432,8657043456,0,0.875,16,0,8,119.76432793634012,3.0408911390086364,,,,,runs/stateful/full_paper/exp4_memory_efficiency_mistral_hf/hf_measurements/mistralai_Mistral-7B-Instruct-v0.3/ctx8192_out64_s0/metrics.json,,,,,,,8,1,2,2,2,cuda,balanced,"{""lm_head"": ""1"", ""model.embed_tokens"": ""0"", ""model.layers.0"": ""0"", ""model.layers.1"": ""0"", ""model.layers.10"": ""0"", ""model.layers.11"": ""0"", ""model.layers.12"": ""0"", ""model.layers.13"": ""0"", ""model.layers.14"": ""0"", ""model.layers.15"": ""0"", ""model.layers.16"": ""1"", ""model.layers.17"": ""1"", ""model.layers.18"": ""1"", ""model.layers.19"": ""1"", ""model.layers.2"": ""0"", ""model.layers.20"": ""1"", ""model.layers.21"": ""1"", ""model.layers.22"": ""1"", ""model.layers.23"": ""1"", ""model.layers.24"": ""1"", ""model.layers.25"": ""1"", ""model.layers.26"": ""1"", ""model.layers.27"": ""1"", ""model.layers.28"": ""1"", ""model.layers.29"": ""1"", ""model.layers.3"": ""0"", ""model.layers.30"": ""1"", ""model.layers.31"": ""1"", ""model.layers.4"": ""0"", ""model.layers.5"": ""0"", ""model.layers.6"": ""0"", ""model.layers.7"": ""0"", ""model.layers.8"": ""0"", ""model.layers.9"": ""0"", ""model.norm"": ""1"", ""model.rotary_emb"": ""1""}",0.9356588120026572
multi_f4e4c68fe9f4,0,mistralai/Mistral-7B-Instruct-v0.3,hf_measured,kvcomm_prefix,8192,64,8,1,16,True,False,,0.3520837829558753,328.3958026328728,46.4086770753318,277.7889740797691,0.0,0.0,4.198151477771905,24.945507629274342,1082130432,3354604339,0,0.6124999999999999,16,0,8,119.76432793634012,46.4086770753318,,,,,runs/stateful/full_paper/exp4_memory_efficiency_mistral_hf/hf_measurements/mistralai_Mistral-7B-Instruct-v0.3/ctx8192_out64_s0/metrics.json,False,measured_profile_simulation,,https://github.com/FastMAS/KVCOMM,4.191751477771905,0.7,8,1,2,2,2,cuda,balanced,"{""lm_head"": ""1"", ""model.embed_tokens"": ""0"", ""model.layers.0"": ""0"", ""model.layers.1"": ""0"", ""model.layers.10"": ""0"", ""model.layers.11"": ""0"", ""model.layers.12"": ""0"", ""model.layers.13"": ""0"", ""model.layers.14"": ""0"", ""model.layers.15"": ""0"", ""model.layers.16"": ""1"", ""model.layers.17"": ""1"", ""model.layers.18"": ""1"", ""model.layers.19"": ""1"", ""model.layers.2"": ""0"", ""model.layers.20"": ""1"", ""model.layers.21"": ""1"", ""model.layers.22"": ""1"", ""model.layers.23"": ""1"", ""model.layers.24"": ""1"", ""model.layers.25"": ""1"", ""model.layers.26"": ""1"", ""model.layers.27"": ""1"", ""model.layers.28"": ""1"", ""model.layers.29"": ""1"", ""model.layers.3"": ""0"", ""model.layers.30"": ""1"", ""model.layers.31"": ""1"", ""model.layers.4"": ""0"", ""model.layers.5"": ""0"", ""model.layers.6"": ""0"", ""model.layers.7"": ""0"", ""model.layers.8"": ""0"", ""model.layers.9"": ""0"", ""model.norm"": ""1"", ""model.rotary_emb"": ""1""}",0.9356588120026572
multi_7c139d2f74bf,0,mistralai/Mistral-7B-Instruct-v0.3,hf_measured,distserve_style,8192,64,8,1,16,True,False,,0.07739500415497182,297.63225940717166,14.970540992042515,277.7889740797691,4.8535443353600005,0.0128,0.0064,27.523898169899145,1082130432,9739173888,121198608384,0.0,16,112,8,119.76432793634012,3.0408911390086364,,,,,runs/stateful/full_paper/exp4_memory_efficiency_mistral_hf/hf_measurements/mistralai_Mistral-7B-Instruct-v0.3/ctx8192_out64_s0/metrics.json,,,,,,,8,1,2,2,2,cuda,balanced,"{""lm_head"": ""1"", ""model.embed_tokens"": ""0"", ""model.layers.0"": ""0"", ""model.layers.1"": ""0"", ""model.layers.10"": ""0"", ""model.layers.11"": ""0"", ""model.layers.12"": ""0"", ""model.layers.13"": ""0"", ""model.layers.14"": ""0"", ""model.layers.15"": ""0"", ""model.layers.16"": ""1"", ""model.layers.17"": ""1"", ""model.layers.18"": ""1"", ""model.layers.19"": ""1"", ""model.layers.2"": ""0"", ""model.layers.20"": ""1"", ""model.layers.21"": ""1"", ""model.layers.22"": ""1"", ""model.layers.23"": ""1"", ""model.layers.24"": ""1"", ""model.layers.25"": ""1"", ""model.layers.26"": ""1"", ""model.layers.27"": ""1"", ""model.layers.28"": ""1"", ""model.layers.29"": ""1"", ""model.layers.3"": ""0"", ""model.layers.30"": ""1"", ""model.layers.31"": ""1"", ""model.layers.4"": ""0"", ""model.layers.5"": ""0"", ""model.layers.6"": ""0"", ""model.layers.7"": ""0"", ""model.layers.8"": ""0"", ""model.layers.9"": ""0"", ""model.norm"": ""1"", ""model.rotary_emb"": ""1""}",0.9356588120026572
multi_c0b74c6c0ba1,0,mistralai/Mistral-7B-Instruct-v0.3,hf_measured,AAFLOW+,8192,64,8,2,16,True,False,,0.040602569434971814,72.77588857031091,3.0408911390086364,69.44724351994228,0.28295391136000003,0.0032,0.0016,225.12950816355803,1082130432,3516923892,52753858380,0.9375,1,240,16,239.52865587268025,3.0408911390086364,,,,,runs/stateful/full_paper/exp4_memory_efficiency_mistral_hf/hf_measurements/mistralai_Mistral-7B-Instruct-v0.3/ctx8192_out64_s0/metrics.json,,,,,,,8,2,2,2,2,cuda,balanced,"{""lm_head"": ""1"", ""model.embed_tokens"": ""0"", ""model.layers.0"": ""0"", ""model.layers.1"": ""0"", ""model.layers.10"": ""0"", ""model.layers.11"": ""0"", ""model.layers.12"": ""0"", ""model.layers.13"": ""0"", ""model.layers.14"": ""0"", ""model.layers.15"": ""0"", ""model.layers.16"": ""1"", ""model.layers.17"": ""1"", ""model.layers.18"": ""1"", ""model.layers.19"": ""1"", ""model.layers.2"": ""0"", ""model.layers.20"": ""1"", ""model.layers.21"": ""1"", ""model.layers.22"": ""1"", ""model.layers.23"": ""1"", ""model.layers.24"": ""1"", ""model.layers.25"": ""1"", ""model.layers.26"": ""1"", ""model.layers.27"": ""1"", ""model.layers.28"": ""1"", ""model.layers.29"": ""1"", ""model.layers.3"": ""0"", ""model.layers.30"": ""1"", ""model.layers.31"": ""1"", ""model.layers.4"": ""0"", ""model.layers.5"": ""0"", ""model.layers.6"": ""0"", ""model.layers.7"": ""0"", ""model.layers.8"": ""0"", ""model.layers.9"": ""0"", ""model.norm"": ""1"", ""model.rotary_emb"": ""1""}",0.9356588120026572
multi_1a12827e23cd,0,mistralai/Mistral-7B-Instruct-v0.3,hf_measured,dense_prefill,8192,64,8,2,16,True,False,,0.969618598877629,795.1194040322184,239.52865587268025,555.5779481595382,0.0,0.0,0.0008,20.605710182537713,1082130432,17314086912,0,0.0,16,0,16,239.52865587268025,3.0408911390086364,,,,,runs/stateful/full_paper/exp4_memory_efficiency_mistral_hf/hf_measurements/mistralai_Mistral-7B-Instruct-v0.3/ctx8192_out64_s0/metrics.json,,,,,,,8,2,2,2,2,cuda,balanced,"{""lm_head"": ""1"", ""model.embed_tokens"": ""0"", ""model.layers.0"": ""0"", ""model.layers.1"": ""0"", ""model.layers.10"": ""0"", ""model.layers.11"": ""0"", ""model.layers.12"": ""0"", ""model.layers.13"": ""0"", ""model.layers.14"": ""0"", ""model.layers.15"": ""0"", ""model.layers.16"": ""1"", ""model.layers.17"": ""1"", ""model.layers.18"": ""1"", ""model.layers.19"": ""1"", ""model.layers.2"": ""0"", ""model.layers.20"": ""1"", ""model.layers.21"": ""1"", ""model.layers.22"": ""1"", ""model.layers.23"": ""1"", ""model.layers.24"": ""1"", ""model.layers.25"": ""1"", ""model.layers.26"": ""1"", ""model.layers.27"": ""1"", ""model.layers.28"": ""1"", ""model.layers.29"": ""1"", ""model.layers.3"": ""0"", ""model.layers.30"": ""1"", ""model.layers.31"": ""1"", ""model.layers.4"": ""0"", ""model.layers.5"": ""0"", ""model.layers.6"": ""0"", ""model.layers.7"": ""0"", ""model.layers.8"": ""0"", ""model.layers.9"": ""0"", ""model.norm"": ""1"", ""model.rotary_emb"": ""1""}",0.9356588120026572
multi_288047fefb48,0,mistralai/Mistral-7B-Instruct-v0.3,hf_measured,aaflow_text,8192,64,8,2,16,True,False,,0.9883317751176822,799.909977149672,239.52865587268025,555.5779481595382,0.0,0.0,4.803373117453606,20.482304844329217,1082130432,18699213864,0,0.0,256,0,16,239.52865587268025,3.0408911390086364,,,,,runs/stateful/full_paper/exp4_memory_efficiency_mistral_hf/hf_measurements/mistralai_Mistral-7B-Instruct-v0.3/ctx8192_out64_s0/metrics.json,,,,,,,8,2,2,2,2,cuda,balanced,"{""lm_head"": ""1"", ""model.embed_tokens"": ""0"", ""model.layers.0"": ""0"", ""model.layers.1"": ""0"", ""model.layers.10"": ""0"", ""model.layers.11"": ""0"", ""model.layers.12"": ""0"", ""model.layers.13"": ""0"", ""model.layers.14"": ""0"", ""model.layers.15"": ""0"", ""model.layers.16"": ""1"", ""model.layers.17"": ""1"", ""model.layers.18"": ""1"", ""model.layers.19"": ""1"", ""model.layers.2"": ""0"", ""model.layers.20"": ""1"", ""model.layers.21"": ""1"", ""model.layers.22"": ""1"", ""model.layers.23"": ""1"", ""model.layers.24"": ""1"", ""model.layers.25"": ""1"", ""model.layers.26"": ""1"", ""model.layers.27"": ""1"", ""model.layers.28"": ""1"", ""model.layers.29"": ""1"", ""model.layers.3"": ""0"", ""model.layers.30"": ""1"", ""model.layers.31"": ""1"", ""model.layers.4"": ""0"", ""model.layers.5"": ""0"", ""model.layers.6"": ""0"", ""model.layers.7"": ""0"", ""model.layers.8"": ""0"", ""model.layers.9"": ""0"", ""model.norm"": ""1"", ""model.rotary_emb"": ""1""}",0.9356588120026572
multi_4db25a13abb7,0,mistralai/Mistral-7B-Instruct-v0.3,hf_measured,vllm_local_prefix,8192,64,8,2,16,True,False,,0.2679682398756361,558.7274431387879,14.22201394244039,544.4663891963474,0.0,0.0256,0.01344,29.323778885745934,1082130432,9955599968,0,0.9375,16,0,16,239.52865587268025,3.0408911390086364,,,,,runs/stateful/full_paper/exp4_memory_efficiency_mistral_hf/hf_measurements/mistralai_Mistral-7B-Instruct-v0.3/ctx8192_out64_s0/metrics.json,,,,,,,8,2,2,2,2,cuda,balanced,"{""lm_head"": ""1"", ""model.embed_tokens"": ""0"", ""model.layers.0"": ""0"", ""model.layers.1"": ""0"", ""model.layers.10"": ""0"", ""model.layers.11"": ""0"", ""model.layers.12"": ""0"", ""model.layers.13"": ""0"", ""model.layers.14"": ""0"", ""model.layers.15"": ""0"", ""model.layers.16"": ""1"", ""model.layers.17"": ""1"", ""model.layers.18"": ""1"", ""model.layers.19"": ""1"", ""model.layers.2"": ""0"", ""model.layers.20"": ""1"", ""model.layers.21"": ""1"", ""model.layers.22"": ""1"", ""model.layers.23"": ""1"", ""model.layers.24"": ""1"", ""model.layers.25"": ""1"", ""model.layers.26"": ""1"", ""model.layers.27"": ""1"", ""model.layers.28"": ""1"", ""model.layers.29"": ""1"", ""model.layers.3"": ""0"", ""model.layers.30"": ""1"", ""model.layers.31"": ""1"", ""model.layers.4"": ""0"", ""model.layers.5"": ""0"", ""model.layers.6"": ""0"", ""model.layers.7"": ""0"", ""model.layers.8"": ""0"", ""model.layers.9"": ""0"", ""model.norm"": ""1"", ""model.rotary_emb"": ""1""}",0.9356588120026572
multi_c4f744607aa4,0,mistralai/Mistral-7B-Instruct-v0.3,hf_measured,sglang_prefix,8192,64,8,2,16,True,False,,0.19779382897543682,546.8679971259951,13.473486892838265,533.3548302331567,0.0,0.0256,0.014080000000000002,29.959697927295654,1082130432,9955599968,0,0.9375,16,0,16,239.52865587268025,3.0408911390086364,,,,,runs/stateful/full_paper/exp4_memory_efficiency_mistral_hf/hf_measurements/mistralai_Mistral-7B-Instruct-v0.3/ctx8192_out64_s0/metrics.json,,,,,,,8,2,2,2,2,cuda,balanced,"{""lm_head"": ""1"", ""model.embed_tokens"": ""0"", ""model.layers.0"": ""0"", ""model.layers.1"": ""0"", ""model.layers.10"": ""0"", ""model.layers.11"": ""0"", ""model.layers.12"": ""0"", ""model.layers.13"": ""0"", ""model.layers.14"": ""0"", ""model.layers.15"": ""0"", ""model.layers.16"": ""1"", ""model.layers.17"": ""1"", ""model.layers.18"": ""1"", ""model.layers.19"": ""1"", ""model.layers.2"": ""0"", ""model.layers.20"": ""1"", ""model.layers.21"": ""1"", ""model.layers.22"": ""1"", ""model.layers.23"": ""1"", ""model.layers.24"": ""1"", ""model.layers.25"": ""1"", ""model.layers.26"": ""1"", ""model.layers.27"": ""1"", ""model.layers.28"": ""1"", ""model.layers.29"": ""1"", ""model.layers.3"": ""0"", ""model.layers.30"": ""1"", ""model.layers.31"": ""1"", ""model.layers.4"": ""0"", ""model.layers.5"": ""0"", ""model.layers.6"": ""0"", ""model.layers.7"": ""0"", ""model.layers.8"": ""0"", ""model.layers.9"": ""0"", ""model.norm"": ""1"", ""model.rotary_emb"": ""1""}",0.9356588120026572
multi_dff35b4d15c4,0,mistralai/Mistral-7B-Instruct-v0.3,hf_measured,kvcomm_prefix,8192,64,8,2,16,True,False,,0.3520837829558753,646.9110482109976,82.33797545623385,555.5779481595382,0.0,0.0,8.99512459522551,25.326511342338627,1082130432,5951717376,0,0.65625,16,0,16,239.52865587268025,82.33797545623385,,,,,runs/stateful/full_paper/exp4_memory_efficiency_mistral_hf/hf_measurements/mistralai_Mistral-7B-Instruct-v0.3/ctx8192_out64_s0/metrics.json,False,measured_profile_simulation,,https://github.com/FastMAS/KVCOMM,8.98232459522551,0.7,8,2,2,2,2,cuda,balanced,"{""lm_head"": ""1"", ""model.embed_tokens"": ""0"", ""model.layers.0"": ""0"", ""model.layers.1"": ""0"", ""model.layers.10"": ""0"", ""model.layers.11"": ""0"", ""model.layers.12"": ""0"", ""model.layers.13"": ""0"", ""model.layers.14"": ""0"", ""model.layers.15"": ""0"", ""model.layers.16"": ""1"", ""model.layers.17"": ""1"", ""model.layers.18"": ""1"", ""model.layers.19"": ""1"", ""model.layers.2"": ""0"", ""model.layers.20"": ""1"", ""model.layers.21"": ""1"", ""model.layers.22"": ""1"", ""model.layers.23"": ""1"", ""model.layers.24"": ""1"", ""model.layers.25"": ""1"", ""model.layers.26"": ""1"", ""model.layers.27"": ""1"", ""model.layers.28"": ""1"", ""model.layers.29"": ""1"", ""model.layers.3"": ""0"", ""model.layers.30"": ""1"", ""model.layers.31"": ""1"", ""model.layers.4"": ""0"", ""model.layers.5"": ""0"", ""model.layers.6"": ""0"", ""model.layers.7"": ""0"", ""model.layers.8"": ""0"", ""model.layers.9"": ""0"", ""model.norm"": ""1"", ""model.rotary_emb"": ""1""}",0.9356588120026572
multi_c7554e6da90d,0,mistralai/Mistral-7B-Instruct-v0.3,hf_measured,distserve_style,8192,64,8,2,16,True,False,,0.07739500415497182,580.9873412987807,14.970540992042515,555.5779481595382,10.400452147200001,0.0256,0.0128,28.20027018725405,1082130432,18396217344,259711303680,0.0,16,240,16,239.52865587268025,3.0408911390086364,,,,,runs/stateful/full_paper/exp4_memory_efficiency_mistral_hf/hf_measurements/mistralai_Mistral-7B-Instruct-v0.3/ctx8192_out64_s0/metrics.json,,,,,,,8,2,2,2,2,cuda,balanced,"{""lm_head"": ""1"", ""model.embed_tokens"": ""0"", ""model.layers.0"": ""0"", ""model.layers.1"": ""0"", ""model.layers.10"": ""0"", ""model.layers.11"": ""0"", ""model.layers.12"": ""0"", ""model.layers.13"": ""0"", ""model.layers.14"": ""0"", ""model.layers.15"": ""0"", ""model.layers.16"": ""1"", ""model.layers.17"": ""1"", ""model.layers.18"": ""1"", ""model.layers.19"": ""1"", ""model.layers.2"": ""0"", ""model.layers.20"": ""1"", ""model.layers.21"": ""1"", ""model.layers.22"": ""1"", ""model.layers.23"": ""1"", ""model.layers.24"": ""1"", ""model.layers.25"": ""1"", ""model.layers.26"": ""1"", ""model.layers.27"": ""1"", ""model.layers.28"": ""1"", ""model.layers.29"": ""1"", ""model.layers.3"": ""0"", ""model.layers.30"": ""1"", ""model.layers.31"": ""1"", ""model.layers.4"": ""0"", ""model.layers.5"": ""0"", ""model.layers.6"": ""0"", ""model.layers.7"": ""0"", ""model.layers.8"": ""0"", ""model.layers.9"": ""0"", ""model.norm"": ""1"", ""model.rotary_emb"": ""1""}",0.9356588120026572
multi_271807541b53,0,mistralai/Mistral-7B-Instruct-v0.3,hf_measured,AAFLOW+,8192,64,8,4,16,True,False,,0.040602569434971814,142.5108860016132,3.0408911390086364,138.89448703988455,0.5659078227200001,0.0064,0.0032,229.93331189891748,1082130432,6114036916,109024640652,0.96875,1,496,32,479.0573117453605,3.0408911390086364,,,,,runs/stateful/full_paper/exp4_memory_efficiency_mistral_hf/hf_measurements/mistralai_Mistral-7B-Instruct-v0.3/ctx8192_out64_s0/metrics.json,,,,,,,8,4,2,2,2,cuda,balanced,"{""lm_head"": ""1"", ""model.embed_tokens"": ""0"", ""model.layers.0"": ""0"", ""model.layers.1"": ""0"", ""model.layers.10"": ""0"", ""model.layers.11"": ""0"", ""model.layers.12"": ""0"", ""model.layers.13"": ""0"", ""model.layers.14"": ""0"", ""model.layers.15"": ""0"", ""model.layers.16"": ""1"", ""model.layers.17"": ""1"", ""model.layers.18"": ""1"", ""model.layers.19"": ""1"", ""model.layers.2"": ""0"", ""model.layers.20"": ""1"", ""model.layers.21"": ""1"", ""model.layers.22"": ""1"", ""model.layers.23"": ""1"", ""model.layers.24"": ""1"", ""model.layers.25"": ""1"", ""model.layers.26"": ""1"", ""model.layers.27"": ""1"", ""model.layers.28"": ""1"", ""model.layers.29"": ""1"", ""model.layers.3"": ""0"", ""model.layers.30"": ""1"", ""model.layers.31"": ""1"", ""model.layers.4"": ""0"", ""model.layers.5"": ""0"", ""model.layers.6"": ""0"", ""model.layers.7"": ""0"", ""model.layers.8"": ""0"", ""model.layers.9"": ""0"", ""model.norm"": ""1"", ""model.rotary_emb"": ""1""}",0.9356588120026572
multi_fc1cb74ebb7e,0,mistralai/Mistral-7B-Instruct-v0.3,hf_measured,dense_prefill,8192,64,8,4,16,True,False,,0.969618598877629,1590.2388080644369,479.0573117453605,1111.1558963190764,0.0,0.0,0.0016,20.605710182537713,1082130432,34628173824,0,0.0,32,0,32,479.0573117453605,3.0408911390086364,,,,,runs/stateful/full_paper/exp4_memory_efficiency_mistral_hf/hf_measurements/mistralai_Mistral-7B-Instruct-v0.3/ctx8192_out64_s0/metrics.json,,,,,,,8,4,2,2,2,cuda,balanced,"{""lm_head"": ""1"", ""model.embed_tokens"": ""0"", ""model.layers.0"": ""0"", ""model.layers.1"": ""0"", ""model.layers.10"": ""0"", ""model.layers.11"": ""0"", ""model.layers.12"": ""0"", ""model.layers.13"": ""0"", ""model.layers.14"": ""0"", ""model.layers.15"": ""0"", ""model.layers.16"": ""1"", ""model.layers.17"": ""1"", ""model.layers.18"": ""1"", ""model.layers.19"": ""1"", ""model.layers.2"": ""0"", ""model.layers.20"": ""1"", ""model.layers.21"": ""1"", ""model.layers.22"": ""1"", ""model.layers.23"": ""1"", ""model.layers.24"": ""1"", ""model.layers.25"": ""1"", ""model.layers.26"": ""1"", ""model.layers.27"": ""1"", ""model.layers.28"": ""1"", ""model.layers.29"": ""1"", ""model.layers.3"": ""0"", ""model.layers.30"": ""1"", ""model.layers.31"": ""1"", ""model.layers.4"": ""0"", ""model.layers.5"": ""0"", ""model.layers.6"": ""0"", ""model.layers.7"": ""0"", ""model.layers.8"": ""0"", ""model.layers.9"": ""0"", ""model.norm"": ""1"", ""model.rotary_emb"": ""1""}",0.9356588120026572
multi_982e2e3e747a,0,mistralai/Mistral-7B-Instruct-v0.3,hf_measured,aaflow_text,8192,64,8,4,16,True,False,,0.9883317751176822,1599.819954299344,479.0573117453605,1111.1558963190764,0.0,0.0,9.606746234907211,20.482304844329217,1082130432,37398427729,0,0.0,512,0,32,479.0573117453605,3.0408911390086364,,,,,runs/stateful/full_paper/exp4_memory_efficiency_mistral_hf/hf_measurements/mistralai_Mistral-7B-Instruct-v0.3/ctx8192_out64_s0/metrics.json,,,,,,,8,4,2,2,2,cuda,balanced,"{""lm_head"": ""1"", ""model.embed_tokens"": ""0"", ""model.layers.0"": ""0"", ""model.layers.1"": ""0"", ""model.layers.10"": ""0"", ""model.layers.11"": ""0"", ""model.layers.12"": ""0"", ""model.layers.13"": ""0"", ""model.layers.14"": ""0"", ""model.layers.15"": ""0"", ""model.layers.16"": ""1"", ""model.layers.17"": ""1"", ""model.layers.18"": ""1"", ""model.layers.19"": ""1"", ""model.layers.2"": ""0"", ""model.layers.20"": ""1"", ""model.layers.21"": ""1"", ""model.layers.22"": ""1"", ""model.layers.23"": ""1"", ""model.layers.24"": ""1"", ""model.layers.25"": ""1"", ""model.layers.26"": ""1"", ""model.layers.27"": ""1"", ""model.layers.28"": ""1"", ""model.layers.29"": ""1"", ""model.layers.3"": ""0"", ""model.layers.30"": ""1"", ""model.layers.31"": ""1"", ""model.layers.4"": ""0"", ""model.layers.5"": ""0"", ""model.layers.6"": ""0"", ""model.layers.7"": ""0"", ""model.layers.8"": ""0"", ""model.layers.9"": ""0"", ""model.norm"": ""1"", ""model.rotary_emb"": ""1""}",0.9356588120026572
multi_7cafafb8dc10,0,mistralai/Mistral-7B-Instruct-v0.3,hf_measured,vllm_local_prefix,8192,64,8,4,16,True,False,,0.24457989457556967,1103.2328723351352,14.22201394244039,1088.932778392695,0.0,0.0512,0.02688,29.701798071555178,1082130432,12552712992,0,0.96875,16,0,32,479.0573117453605,3.0408911390086364,,,,,runs/stateful/full_paper/exp4_memory_efficiency_mistral_hf/hf_measurements/mistralai_Mistral-7B-Instruct-v0.3/ctx8192_out64_s0/metrics.json,,,,,,,8,4,2,2,2,cuda,balanced,"{""lm_head"": ""1"", ""model.embed_tokens"": ""0"", ""model.layers.0"": ""0"", ""model.layers.1"": ""0"", ""model.layers.10"": ""0"", ""model.layers.11"": ""0"", ""model.layers.12"": ""0"", ""model.layers.13"": ""0"", ""model.layers.14"": ""0"", ""model.layers.15"": ""0"", ""model.layers.16"": ""1"", ""model.layers.17"": ""1"", ""model.layers.18"": ""1"", ""model.layers.19"": ""1"", ""model.layers.2"": ""0"", ""model.layers.20"": ""1"", ""model.layers.21"": ""1"", ""model.layers.22"": ""1"", ""model.layers.23"": ""1"", ""model.layers.24"": ""1"", ""model.layers.25"": ""1"", ""model.layers.26"": ""1"", ""model.layers.27"": ""1"", ""model.layers.28"": ""1"", ""model.layers.29"": ""1"", ""model.layers.3"": ""0"", ""model.layers.30"": ""1"", ""model.layers.31"": ""1"", ""model.layers.4"": ""0"", ""model.layers.5"": ""0"", ""model.layers.6"": ""0"", ""model.layers.7"": ""0"", ""model.layers.8"": ""0"", ""model.layers.9"": ""0"", ""model.norm"": ""1"", ""model.rotary_emb"": ""1""}",0.9356588120026572
multi_d0a5fe093896,0,mistralai/Mistral-7B-Instruct-v0.3,hf_measured,sglang_prefix,8192,64,8,4,16,True,False,,0.17206633664536375,1080.2625073591519,13.473486892838265,1066.7096604663134,0.0,0.0512,0.028160000000000004,30.33336784047594,1082130432,12552712992,0,0.96875,16,0,32,479.0573117453605,3.0408911390086364,,,,,runs/stateful/full_paper/exp4_memory_efficiency_mistral_hf/hf_measurements/mistralai_Mistral-7B-Instruct-v0.3/ctx8192_out64_s0/metrics.json,,,,,,,8,4,2,2,2,cuda,balanced,"{""lm_head"": ""1"", ""model.embed_tokens"": ""0"", ""model.layers.0"": ""0"", ""model.layers.1"": ""0"", ""model.layers.10"": ""0"", ""model.layers.11"": ""0"", ""model.layers.12"": ""0"", ""model.layers.13"": ""0"", ""model.layers.14"": ""0"", ""model.layers.15"": ""0"", ""model.layers.16"": ""1"", ""model.layers.17"": ""1"", ""model.layers.18"": ""1"", ""model.layers.19"": ""1"", ""model.layers.2"": ""0"", ""model.layers.20"": ""1"", ""model.layers.21"": ""1"", ""model.layers.22"": ""1"", ""model.layers.23"": ""1"", ""model.layers.24"": ""1"", ""model.layers.25"": ""1"", ""model.layers.26"": ""1"", ""model.layers.27"": ""1"", ""model.layers.28"": ""1"", ""model.layers.29"": ""1"", ""model.layers.3"": ""0"", ""model.layers.30"": ""1"", ""model.layers.31"": ""1"", ""model.layers.4"": ""0"", ""model.layers.5"": ""0"", ""model.layers.6"": ""0"", ""model.layers.7"": ""0"", ""model.layers.8"": ""0"", ""model.layers.9"": ""0"", ""model.norm"": ""1"", ""model.rotary_emb"": ""1""}",0.9356588120026572
multi_1a8b851149d3,0,mistralai/Mistral-7B-Instruct-v0.3,hf_measured,kvcomm_prefix,8192,64,8,4,16,True,False,,0.3520837829558753,1283.941539367247,154.19657221803794,1111.1558963190764,0.0,0.0,18.58907083013272,25.521411213277474,1082130432,11145943449,0,0.678125,16,0,32,479.0573117453605,154.19657221803794,,,,,runs/stateful/full_paper/exp4_memory_efficiency_mistral_hf/hf_measurements/mistralai_Mistral-7B-Instruct-v0.3/ctx8192_out64_s0/metrics.json,False,measured_profile_simulation,,https://github.com/FastMAS/KVCOMM,18.56347083013272,0.7,8,4,2,2,2,cuda,balanced,"{""lm_head"": ""1"", ""model.embed_tokens"": ""0"", ""model.layers.0"": ""0"", ""model.layers.1"": ""0"", ""model.layers.10"": ""0"", ""model.layers.11"": ""0"", ""model.layers.12"": ""0"", ""model.layers.13"": ""0"", ""model.layers.14"": ""0"", ""model.layers.15"": ""0"", ""model.layers.16"": ""1"", ""model.layers.17"": ""1"", ""model.layers.18"": ""1"", ""model.layers.19"": ""1"", ""model.layers.2"": ""0"", ""model.layers.20"": ""1"", ""model.layers.21"": ""1"", ""model.layers.22"": ""1"", ""model.layers.23"": ""1"", ""model.layers.24"": ""1"", ""model.layers.25"": ""1"", ""model.layers.26"": ""1"", ""model.layers.27"": ""1"", ""model.layers.28"": ""1"", ""model.layers.29"": ""1"", ""model.layers.3"": ""0"", ""model.layers.30"": ""1"", ""model.layers.31"": ""1"", ""model.layers.4"": ""0"", ""model.layers.5"": ""0"", ""model.layers.6"": ""0"", ""model.layers.7"": ""0"", ""model.layers.8"": ""0"", ""model.layers.9"": ""0"", ""model.norm"": ""1"", ""model.rotary_emb"": ""1""}",0.9356588120026572
multi_8cccdc088331,0,mistralai/Mistral-7B-Instruct-v0.3,hf_measured,distserve_style,8192,64,8,4,16,True,False,,0.07739500415497182,1147.697505081999,14.970540992042515,1111.1558963190764,21.49426777088,0.0512,0.0256,28.55107713914464,1082130432,35710304256,536736694272,0.0,16,496,32,479.0573117453605,3.0408911390086364,,,,,runs/stateful/full_paper/exp4_memory_efficiency_mistral_hf/hf_measurements/mistralai_Mistral-7B-Instruct-v0.3/ctx8192_out64_s0/metrics.json,,,,,,,8,4,2,2,2,cuda,balanced,"{""lm_head"": ""1"", ""model.embed_tokens"": ""0"", ""model.layers.0"": ""0"", ""model.layers.1"": ""0"", ""model.layers.10"": ""0"", ""model.layers.11"": ""0"", ""model.layers.12"": ""0"", ""model.layers.13"": ""0"", ""model.layers.14"": ""0"", ""model.layers.15"": ""0"", ""model.layers.16"": ""1"", ""model.layers.17"": ""1"", ""model.layers.18"": ""1"", ""model.layers.19"": ""1"", ""model.layers.2"": ""0"", ""model.layers.20"": ""1"", ""model.layers.21"": ""1"", ""model.layers.22"": ""1"", ""model.layers.23"": ""1"", ""model.layers.24"": ""1"", ""model.layers.25"": ""1"", ""model.layers.26"": ""1"", ""model.layers.27"": ""1"", ""model.layers.28"": ""1"", ""model.layers.29"": ""1"", ""model.layers.3"": ""0"", ""model.layers.30"": ""1"", ""model.layers.31"": ""1"", ""model.layers.4"": ""0"", ""model.layers.5"": ""0"", ""model.layers.6"": ""0"", ""model.layers.7"": ""0"", ""model.layers.8"": ""0"", ""model.layers.9"": ""0"", ""model.norm"": ""1"", ""model.rotary_emb"": ""1""}",0.9356588120026572
multi_6fbecf72b9ac,0,mistralai/Mistral-7B-Instruct-v0.3,hf_measured,AAFLOW+,8192,64,8,8,16,True,False,,0.040602569434971814,281.98088086421774,3.0408911390086364,277.7889740797691,1.1318156454400001,0.0128,0.0064,232.41292033397664,1082130432,11308262964,221566205196,0.984375,1,1008,64,958.114623490721,3.0408911390086364,,,,,runs/stateful/full_paper/exp4_memory_efficiency_mistral_hf/hf_measurements/mistralai_Mistral-7B-Instruct-v0.3/ctx8192_out64_s0/metrics.json,,,,,,,8,8,2,2,2,cuda,balanced,"{""lm_head"": ""1"", ""model.embed_tokens"": ""0"", ""model.layers.0"": ""0"", ""model.layers.1"": ""0"", ""model.layers.10"": ""0"", ""model.layers.11"": ""0"", ""model.layers.12"": ""0"", ""model.layers.13"": ""0"", ""model.layers.14"": ""0"", ""model.layers.15"": ""0"", ""model.layers.16"": ""1"", ""model.layers.17"": ""1"", ""model.layers.18"": ""1"", ""model.layers.19"": ""1"", ""model.layers.2"": ""0"", ""model.layers.20"": ""1"", ""model.layers.21"": ""1"", ""model.layers.22"": ""1"", ""model.layers.23"": ""1"", ""model.layers.24"": ""1"", ""model.layers.25"": ""1"", ""model.layers.26"": ""1"", ""model.layers.27"": ""1"", ""model.layers.28"": ""1"", ""model.layers.29"": ""1"", ""model.layers.3"": ""0"", ""model.layers.30"": ""1"", ""model.layers.31"": ""1"", ""model.layers.4"": ""0"", ""model.layers.5"": ""0"", ""model.layers.6"": ""0"", ""model.layers.7"": ""0"", ""model.layers.8"": ""0"", ""model.layers.9"": ""0"", ""model.norm"": ""1"", ""model.rotary_emb"": ""1""}",0.9356588120026572
multi_b8a44017e67e,0,mistralai/Mistral-7B-Instruct-v0.3,hf_measured,dense_prefill,8192,64,8,8,16,True,False,,0.969618598877629,3180.4776161288737,958.114623490721,2222.311792638153,0.0,0.0,0.0032,20.605710182537713,1082130432,69256347648,0,0.0,64,0,64,958.114623490721,3.0408911390086364,,,,,runs/stateful/full_paper/exp4_memory_efficiency_mistral_hf/hf_measurements/mistralai_Mistral-7B-Instruct-v0.3/ctx8192_out64_s0/metrics.json,,,,,,,8,8,2,2,2,cuda,balanced,"{""lm_head"": ""1"", ""model.embed_tokens"": ""0"", ""model.layers.0"": ""0"", ""model.layers.1"": ""0"", ""model.layers.10"": ""0"", ""model.layers.11"": ""0"", ""model.layers.12"": ""0"", ""model.layers.13"": ""0"", ""model.layers.14"": ""0"", ""model.layers.15"": ""0"", ""model.layers.16"": ""1"", ""model.layers.17"": ""1"", ""model.layers.18"": ""1"", ""model.layers.19"": ""1"", ""model.layers.2"": ""0"", ""model.layers.20"": ""1"", ""model.layers.21"": ""1"", ""model.layers.22"": ""1"", ""model.layers.23"": ""1"", ""model.layers.24"": ""1"", ""model.layers.25"": ""1"", ""model.layers.26"": ""1"", ""model.layers.27"": ""1"", ""model.layers.28"": ""1"", ""model.layers.29"": ""1"", ""model.layers.3"": ""0"", ""model.layers.30"": ""1"", ""model.layers.31"": ""1"", ""model.layers.4"": ""0"", ""model.layers.5"": ""0"", ""model.layers.6"": ""0"", ""model.layers.7"": ""0"", ""model.layers.8"": ""0"", ""model.layers.9"": ""0"", ""model.norm"": ""1"", ""model.rotary_emb"": ""1""}",0.9356588120026572
multi_0a74168e8573,0,mistralai/Mistral-7B-Instruct-v0.3,hf_measured,aaflow_text,8192,64,8,8,16,True,False,,0.9883317751176822,3199.639908598688,958.114623490721,2222.311792638153,0.0,0.0,19.213492469814422,20.482304844329217,1082130432,74796855459,0,0.0,1024,0,64,958.114623490721,3.0408911390086364,,,,,runs/stateful/full_paper/exp4_memory_efficiency_mistral_hf/hf_measurements/mistralai_Mistral-7B-Instruct-v0.3/ctx8192_out64_s0/metrics.json,,,,,,,8,8,2,2,2,cuda,balanced,"{""lm_head"": ""1"", ""model.embed_tokens"": ""0"", ""model.layers.0"": ""0"", ""model.layers.1"": ""0"", ""model.layers.10"": ""0"", ""model.layers.11"": ""0"", ""model.layers.12"": ""0"", ""model.layers.13"": ""0"", ""model.layers.14"": ""0"", ""model.layers.15"": ""0"", ""model.layers.16"": ""1"", ""model.layers.17"": ""1"", ""model.layers.18"": ""1"", ""model.layers.19"": ""1"", ""model.layers.2"": ""0"", ""model.layers.20"": ""1"", ""model.layers.21"": ""1"", ""model.layers.22"": ""1"", ""model.layers.23"": ""1"", ""model.layers.24"": ""1"", ""model.layers.25"": ""1"", ""model.layers.26"": ""1"", ""model.layers.27"": ""1"", ""model.layers.28"": ""1"", ""model.layers.29"": ""1"", ""model.layers.3"": ""0"", ""model.layers.30"": ""1"", ""model.layers.31"": ""1"", ""model.layers.4"": ""0"", ""model.layers.5"": ""0"", ""model.layers.6"": ""0"", ""model.layers.7"": ""0"", ""model.layers.8"": ""0"", ""model.layers.9"": ""0"", ""model.norm"": ""1"", ""model.rotary_emb"": ""1""}",0.9356588120026572
multi_1f64c2597643,0,mistralai/Mistral-7B-Instruct-v0.3,hf_measured,vllm_local_prefix,8192,64,8,8,16,True,False,,0.23288572192553647,2192.24373072783,14.22201394244039,2177.86555678539,0.0,0.1024,0.05376,29.894486220399358,1082130432,17746939040,0,0.984375,16,0,64,958.114623490721,3.0408911390086364,,,,,runs/stateful/full_paper/exp4_memory_efficiency_mistral_hf/hf_measurements/mistralai_Mistral-7B-Instruct-v0.3/ctx8192_out64_s0/metrics.json,,,,,,,8,8,2,2,2,cuda,balanced,"{""lm_head"": ""1"", ""model.embed_tokens"": ""0"", ""model.layers.0"": ""0"", ""model.layers.1"": ""0"", ""model.layers.10"": ""0"", ""model.layers.11"": ""0"", ""model.layers.12"": ""0"", ""model.layers.13"": ""0"", ""model.layers.14"": ""0"", ""model.layers.15"": ""0"", ""model.layers.16"": ""1"", ""model.layers.17"": ""1"", ""model.layers.18"": ""1"", ""model.layers.19"": ""1"", ""model.layers.2"": ""0"", ""model.layers.20"": ""1"", ""model.layers.21"": ""1"", ""model.layers.22"": ""1"", ""model.layers.23"": ""1"", ""model.layers.24"": ""1"", ""model.layers.25"": ""1"", ""model.layers.26"": ""1"", ""model.layers.27"": ""1"", ""model.layers.28"": ""1"", ""model.layers.29"": ""1"", ""model.layers.3"": ""0"", ""model.layers.30"": ""1"", ""model.layers.31"": ""1"", ""model.layers.4"": ""0"", ""model.layers.5"": ""0"", ""model.layers.6"": ""0"", ""model.layers.7"": ""0"", ""model.layers.8"": ""0"", ""model.layers.9"": ""0"", ""model.norm"": ""1"", ""model.rotary_emb"": ""1""}",0.9356588120026572
multi_3395a6015ef1,0,mistralai/Mistral-7B-Instruct-v0.3,hf_measured,sglang_prefix,8192,64,8,8,16,True,False,,0.1592025904803272,2147.051527825465,13.473486892838265,2133.4193209326268,0.0,0.1024,0.05632000000000001,30.52372015792974,1082130432,17746939040,0,0.984375,16,0,64,958.114623490721,3.0408911390086364,,,,,runs/stateful/full_paper/exp4_memory_efficiency_mistral_hf/hf_measurements/mistralai_Mistral-7B-Instruct-v0.3/ctx8192_out64_s0/metrics.json,,,,,,,8,8,2,2,2,cuda,balanced,"{""lm_head"": ""1"", ""model.embed_tokens"": ""0"", ""model.layers.0"": ""0"", ""model.layers.1"": ""0"", ""model.layers.10"": ""0"", ""model.layers.11"": ""0"", ""model.layers.12"": ""0"", ""model.layers.13"": ""0"", ""model.layers.14"": ""0"", ""model.layers.15"": ""0"", ""model.layers.16"": ""1"", ""model.layers.17"": ""1"", ""model.layers.18"": ""1"", ""model.layers.19"": ""1"", ""model.layers.2"": ""0"", ""model.layers.20"": ""1"", ""model.layers.21"": ""1"", ""model.layers.22"": ""1"", ""model.layers.23"": ""1"", ""model.layers.24"": ""1"", ""model.layers.25"": ""1"", ""model.layers.26"": ""1"", ""model.layers.27"": ""1"", ""model.layers.28"": ""1"", ""model.layers.29"": ""1"", ""model.layers.3"": ""0"", ""model.layers.30"": ""1"", ""model.layers.31"": ""1"", ""model.layers.4"": ""0"", ""model.layers.5"": ""0"", ""model.layers.6"": ""0"", ""model.layers.7"": ""0"", ""model.layers.8"": ""0"", ""model.layers.9"": ""0"", ""model.norm"": ""1"", ""model.rotary_emb"": ""1""}",0.9356588120026572
multi_1815890e3feb,0,mistralai/Mistral-7B-Instruct-v0.3,hf_measured,kvcomm_prefix,8192,64,8,8,16,True,False,,0.3520837829558753,2558.0025216797458,297.9137657416461,2222.311792638153,0.0,0.0,37.77696329994714,25.619990380996548,1082130432,21534395596,0,0.6890624999999999,16,0,64,958.114623490721,297.9137657416461,,,,,runs/stateful/full_paper/exp4_memory_efficiency_mistral_hf/hf_measurements/mistralai_Mistral-7B-Instruct-v0.3/ctx8192_out64_s0/metrics.json,False,measured_profile_simulation,,https://github.com/FastMAS/KVCOMM,37.72576329994714,0.7,8,8,2,2,2,cuda,balanced,"{""lm_head"": ""1"", ""model.embed_tokens"": ""0"", ""model.layers.0"": ""0"", ""model.layers.1"": ""0"", ""model.layers.10"": ""0"", ""model.layers.11"": ""0"", ""model.layers.12"": ""0"", ""model.layers.13"": ""0"", ""model.layers.14"": ""0"", ""model.layers.15"": ""0"", ""model.layers.16"": ""1"", ""model.layers.17"": ""1"", ""model.layers.18"": ""1"", ""model.layers.19"": ""1"", ""model.layers.2"": ""0"", ""model.layers.20"": ""1"", ""model.layers.21"": ""1"", ""model.layers.22"": ""1"", ""model.layers.23"": ""1"", ""model.layers.24"": ""1"", ""model.layers.25"": ""1"", ""model.layers.26"": ""1"", ""model.layers.27"": ""1"", ""model.layers.28"": ""1"", ""model.layers.29"": ""1"", ""model.layers.3"": ""0"", ""model.layers.30"": ""1"", ""model.layers.31"": ""1"", ""model.layers.4"": ""0"", ""model.layers.5"": ""0"", ""model.layers.6"": ""0"", ""model.layers.7"": ""0"", ""model.layers.8"": ""0"", ""model.layers.9"": ""0"", ""model.norm"": ""1"", ""model.rotary_emb"": ""1""}",0.9356588120026572
multi_faab138b6d39,0,mistralai/Mistral-7B-Instruct-v0.3,hf_measured,distserve_style,8192,64,8,8,16,True,False,,0.07739500415497182,2281.1178326484355,14.970540992042515,2222.311792638153,43.68189901824,0.1024,0.0512,28.72977408795715,1082130432,70338478080,1090787475456,0.0,16,1008,64,958.114623490721,3.0408911390086364,,,,,runs/stateful/full_paper/exp4_memory_efficiency_mistral_hf/hf_measurements/mistralai_Mistral-7B-Instruct-v0.3/ctx8192_out64_s0/metrics.json,,,,,,,8,8,2,2,2,cuda,balanced,"{""lm_head"": ""1"", ""model.embed_tokens"": ""0"", ""model.layers.0"": ""0"", ""model.layers.1"": ""0"", ""model.layers.10"": ""0"", ""model.layers.11"": ""0"", ""model.layers.12"": ""0"", ""model.layers.13"": ""0"", ""model.layers.14"": ""0"", ""model.layers.15"": ""0"", ""model.layers.16"": ""1"", ""model.layers.17"": ""1"", ""model.layers.18"": ""1"", ""model.layers.19"": ""1"", ""model.layers.2"": ""0"", ""model.layers.20"": ""1"", ""model.layers.21"": ""1"", ""model.layers.22"": ""1"", ""model.layers.23"": ""1"", ""model.layers.24"": ""1"", ""model.layers.25"": ""1"", ""model.layers.26"": ""1"", ""model.layers.27"": ""1"", ""model.layers.28"": ""1"", ""model.layers.29"": ""1"", ""model.layers.3"": ""0"", ""model.layers.30"": ""1"", ""model.layers.31"": ""1"", ""model.layers.4"": ""0"", ""model.layers.5"": ""0"", ""model.layers.6"": ""0"", ""model.layers.7"": ""0"", ""model.layers.8"": ""0"", ""model.layers.9"": ""0"", ""model.norm"": ""1"", ""model.rotary_emb"": ""1""}",0.9356588120026572
multi_a94f247168c1,0,mistralai/Mistral-7B-Instruct-v0.3,hf_measured,AAFLOW+,8192,64,8,16,16,True,False,,0.040602569434971814,560.9208705894268,3.0408911390086364,555.5779481595382,2.2636312908800003,0.0256,0.0128,233.67288840985168,1082130432,21696715060,446649334284,0.9921875,1,2032,128,1916.229246981442,3.0408911390086364,,,,,runs/stateful/full_paper/exp4_memory_efficiency_mistral_hf/hf_measurements/mistralai_Mistral-7B-Instruct-v0.3/ctx8192_out64_s0/metrics.json,,,,,,,8,16,2,2,2,cuda,balanced,"{""lm_head"": ""1"", ""model.embed_tokens"": ""0"", ""model.layers.0"": ""0"", ""model.layers.1"": ""0"", ""model.layers.10"": ""0"", ""model.layers.11"": ""0"", ""model.layers.12"": ""0"", ""model.layers.13"": ""0"", ""model.layers.14"": ""0"", ""model.layers.15"": ""0"", ""model.layers.16"": ""1"", ""model.layers.17"": ""1"", ""model.layers.18"": ""1"", ""model.layers.19"": ""1"", ""model.layers.2"": ""0"", ""model.layers.20"": ""1"", ""model.layers.21"": ""1"", ""model.layers.22"": ""1"", ""model.layers.23"": ""1"", ""model.layers.24"": ""1"", ""model.layers.25"": ""1"", ""model.layers.26"": ""1"", ""model.layers.27"": ""1"", ""model.layers.28"": ""1"", ""model.layers.29"": ""1"", ""model.layers.3"": ""0"", ""model.layers.30"": ""1"", ""model.layers.31"": ""1"", ""model.layers.4"": ""0"", ""model.layers.5"": ""0"", ""model.layers.6"": ""0"", ""model.layers.7"": ""0"", ""model.layers.8"": ""0"", ""model.layers.9"": ""0"", ""model.norm"": ""1"", ""model.rotary_emb"": ""1""}",0.9356588120026572
multi_599f2bff1b38,0,mistralai/Mistral-7B-Instruct-v0.3,hf_measured,dense_prefill,8192,64,8,16,16,True,False,,0.969618598877629,6360.955232257747,1916.229246981442,4444.623585276306,0.0,0.0,0.0064,20.605710182537713,1082130432,138512695296,0,0.0,128,0,128,1916.229246981442,3.0408911390086364,,,,,runs/stateful/full_paper/exp4_memory_efficiency_mistral_hf/hf_measurements/mistralai_Mistral-7B-Instruct-v0.3/ctx8192_out64_s0/metrics.json,,,,,,,8,16,2,2,2,cuda,balanced,"{""lm_head"": ""1"", ""model.embed_tokens"": ""0"", ""model.layers.0"": ""0"", ""model.layers.1"": ""0"", ""model.layers.10"": ""0"", ""model.layers.11"": ""0"", ""model.layers.12"": ""0"", ""model.layers.13"": ""0"", ""model.layers.14"": ""0"", ""model.layers.15"": ""0"", ""model.layers.16"": ""1"", ""model.layers.17"": ""1"", ""model.layers.18"": ""1"", ""model.layers.19"": ""1"", ""model.layers.2"": ""0"", ""model.layers.20"": ""1"", ""model.layers.21"": ""1"", ""model.layers.22"": ""1"", ""model.layers.23"": ""1"", ""model.layers.24"": ""1"", ""model.layers.25"": ""1"", ""model.layers.26"": ""1"", ""model.layers.27"": ""1"", ""model.layers.28"": ""1"", ""model.layers.29"": ""1"", ""model.layers.3"": ""0"", ""model.layers.30"": ""1"", ""model.layers.31"": ""1"", ""model.layers.4"": ""0"", ""model.layers.5"": ""0"", ""model.layers.6"": ""0"", ""model.layers.7"": ""0"", ""model.layers.8"": ""0"", ""model.layers.9"": ""0"", ""model.norm"": ""1"", ""model.rotary_emb"": ""1""}",0.9356588120026572
multi_2f394565839b,0,mistralai/Mistral-7B-Instruct-v0.3,hf_measured,aaflow_text,8192,64,8,16,16,True,False,,0.9883317751176822,6399.279817197376,1916.229246981442,4444.623585276306,0.0,0.0,38.426984939628845,20.482304844329217,1082130432,149593710919,0,0.0,2048,0,128,1916.229246981442,3.0408911390086364,,,,,runs/stateful/full_paper/exp4_memory_efficiency_mistral_hf/hf_measurements/mistralai_Mistral-7B-Instruct-v0.3/ctx8192_out64_s0/metrics.json,,,,,,,8,16,2,2,2,cuda,balanced,"{""lm_head"": ""1"", ""model.embed_tokens"": ""0"", ""model.layers.0"": ""0"", ""model.layers.1"": ""0"", ""model.layers.10"": ""0"", ""model.layers.11"": ""0"", ""model.layers.12"": ""0"", ""model.layers.13"": ""0"", ""model.layers.14"": ""0"", ""model.layers.15"": ""0"", ""model.layers.16"": ""1"", ""model.layers.17"": ""1"", ""model.layers.18"": ""1"", ""model.layers.19"": ""1"", ""model.layers.2"": ""0"", ""model.layers.20"": ""1"", ""model.layers.21"": ""1"", ""model.layers.22"": ""1"", ""model.layers.23"": ""1"", ""model.layers.24"": ""1"", ""model.layers.25"": ""1"", ""model.layers.26"": ""1"", ""model.layers.27"": ""1"", ""model.layers.28"": ""1"", ""model.layers.29"": ""1"", ""model.layers.3"": ""0"", ""model.layers.30"": ""1"", ""model.layers.31"": ""1"", ""model.layers.4"": ""0"", ""model.layers.5"": ""0"", ""model.layers.6"": ""0"", ""model.layers.7"": ""0"", ""model.layers.8"": ""0"", ""model.layers.9"": ""0"", ""model.norm"": ""1"", ""model.rotary_emb"": ""1""}",0.9356588120026572
multi_768f4c5f9c1a,0,mistralai/Mistral-7B-Instruct-v0.3,hf_measured,vllm_local_prefix,8192,64,8,16,16,True,False,,0.22703863560051987,4370.26544751322,14.22201394244039,4355.73111357078,0.0,0.2048,0.10752,29.991770883066824,1082130432,28135391136,0,0.9921875,16,0,128,1916.229246981442,3.0408911390086364,,,,,runs/stateful/full_paper/exp4_memory_efficiency_mistral_hf/hf_measurements/mistralai_Mistral-7B-Instruct-v0.3/ctx8192_out64_s0/metrics.json,,,,,,,8,16,2,2,2,cuda,balanced,"{""lm_head"": ""1"", ""model.embed_tokens"": ""0"", ""model.layers.0"": ""0"", ""model.layers.1"": ""0"", ""model.layers.10"": ""0"", ""model.layers.11"": ""0"", ""model.layers.12"": ""0"", ""model.layers.13"": ""0"", ""model.layers.14"": ""0"", ""model.layers.15"": ""0"", ""model.layers.16"": ""1"", ""model.layers.17"": ""1"", ""model.layers.18"": ""1"", ""model.layers.19"": ""1"", ""model.layers.2"": ""0"", ""model.layers.20"": ""1"", ""model.layers.21"": ""1"", ""model.layers.22"": ""1"", ""model.layers.23"": ""1"", ""model.layers.24"": ""1"", ""model.layers.25"": ""1"", ""model.layers.26"": ""1"", ""model.layers.27"": ""1"", ""model.layers.28"": ""1"", ""model.layers.29"": ""1"", ""model.layers.3"": ""0"", ""model.layers.30"": ""1"", ""model.layers.31"": ""1"", ""model.layers.4"": ""0"", ""model.layers.5"": ""0"", ""model.layers.6"": ""0"", ""model.layers.7"": ""0"", ""model.layers.8"": ""0"", ""model.layers.9"": ""0"", ""model.norm"": ""1"", ""model.rotary_emb"": ""1""}",0.9356588120026572
multi_ad08fa8d75ba,0,mistralai/Mistral-7B-Instruct-v0.3,hf_measured,sglang_prefix,8192,64,8,16,16,True,False,,0.15277071739780895,4280.629568758092,13.473486892838265,4266.8386418652535,0.0,0.2048,0.11264000000000002,30.61979503123111,1082130432,28135391136,0,0.9921875,16,0,128,1916.229246981442,3.0408911390086364,,,,,runs/stateful/full_paper/exp4_memory_efficiency_mistral_hf/hf_measurements/mistralai_Mistral-7B-Instruct-v0.3/ctx8192_out64_s0/metrics.json,,,,,,,8,16,2,2,2,cuda,balanced,"{""lm_head"": ""1"", ""model.embed_tokens"": ""0"", ""model.layers.0"": ""0"", ""model.layers.1"": ""0"", ""model.layers.10"": ""0"", ""model.layers.11"": ""0"", ""model.layers.12"": ""0"", ""model.layers.13"": ""0"", ""model.layers.14"": ""0"", ""model.layers.15"": ""0"", ""model.layers.16"": ""1"", ""model.layers.17"": ""1"", ""model.layers.18"": ""1"", ""model.layers.19"": ""1"", ""model.layers.2"": ""0"", ""model.layers.20"": ""1"", ""model.layers.21"": ""1"", ""model.layers.22"": ""1"", ""model.layers.23"": ""1"", ""model.layers.24"": ""1"", ""model.layers.25"": ""1"", ""model.layers.26"": ""1"", ""model.layers.27"": ""1"", ""model.layers.28"": ""1"", ""model.layers.29"": ""1"", ""model.layers.3"": ""0"", ""model.layers.30"": ""1"", ""model.layers.31"": ""1"", ""model.layers.4"": ""0"", ""model.layers.5"": ""0"", ""model.layers.6"": ""0"", ""model.layers.7"": ""0"", ""model.layers.8"": ""0"", ""model.layers.9"": ""0"", ""model.norm"": ""1"", ""model.rotary_emb"": ""1""}",0.9356588120026572
multi_fb6f519c4a59,0,mistralai/Mistral-7B-Instruct-v0.3,hf_measured,kvcomm_prefix,8192,64,8,16,16,True,False,,0.3520837829558753,5106.124486304744,585.3481527888624,4444.623585276306,0.0,0.0,76.15274823957598,25.66956609686099,1082130432,42311299891,0,0.6945312499999999,16,0,128,1916.229246981442,585.3481527888624,,,,,runs/stateful/full_paper/exp4_memory_efficiency_mistral_hf/hf_measurements/mistralai_Mistral-7B-Instruct-v0.3/ctx8192_out64_s0/metrics.json,False,measured_profile_simulation,,https://github.com/FastMAS/KVCOMM,76.05034823957598,0.7,8,16,2,2,2,cuda,balanced,"{""lm_head"": ""1"", ""model.embed_tokens"": ""0"", ""model.layers.0"": ""0"", ""model.layers.1"": ""0"", ""model.layers.10"": ""0"", ""model.layers.11"": ""0"", ""model.layers.12"": ""0"", ""model.layers.13"": ""0"", ""model.layers.14"": ""0"", ""model.layers.15"": ""0"", ""model.layers.16"": ""1"", ""model.layers.17"": ""1"", ""model.layers.18"": ""1"", ""model.layers.19"": ""1"", ""model.layers.2"": ""0"", ""model.layers.20"": ""1"", ""model.layers.21"": ""1"", ""model.layers.22"": ""1"", ""model.layers.23"": ""1"", ""model.layers.24"": ""1"", ""model.layers.25"": ""1"", ""model.layers.26"": ""1"", ""model.layers.27"": ""1"", ""model.layers.28"": ""1"", ""model.layers.29"": ""1"", ""model.layers.3"": ""0"", ""model.layers.30"": ""1"", ""model.layers.31"": ""1"", ""model.layers.4"": ""0"", ""model.layers.5"": ""0"", ""model.layers.6"": ""0"", ""model.layers.7"": ""0"", ""model.layers.8"": ""0"", ""model.layers.9"": ""0"", ""model.norm"": ""1"", ""model.rotary_emb"": ""1""}",0.9356588120026572
multi_943f13519c02,0,mistralai/Mistral-7B-Instruct-v0.3,hf_measured,distserve_style,8192,64,8,16,16,True,False,,0.07739500415497182,4547.958487781309,14.970540992042515,4444.623585276306,88.05716151296001,0.2048,0.1024,28.819964023889455,1082130432,139594825728,2198889037824,0.0,16,2032,128,1916.229246981442,3.0408911390086364,,,,,runs/stateful/full_paper/exp4_memory_efficiency_mistral_hf/hf_measurements/mistralai_Mistral-7B-Instruct-v0.3/ctx8192_out64_s0/metrics.json,,,,,,,8,16,2,2,2,cuda,balanced,"{""lm_head"": ""1"", ""model.embed_tokens"": ""0"", ""model.layers.0"": ""0"", ""model.layers.1"": ""0"", ""model.layers.10"": ""0"", ""model.layers.11"": ""0"", ""model.layers.12"": ""0"", ""model.layers.13"": ""0"", ""model.layers.14"": ""0"", ""model.layers.15"": ""0"", ""model.layers.16"": ""1"", ""model.layers.17"": ""1"", ""model.layers.18"": ""1"", ""model.layers.19"": ""1"", ""model.layers.2"": ""0"", ""model.layers.20"": ""1"", ""model.layers.21"": ""1"", ""model.layers.22"": ""1"", ""model.layers.23"": ""1"", ""model.layers.24"": ""1"", ""model.layers.25"": ""1"", ""model.layers.26"": ""1"", ""model.layers.27"": ""1"", ""model.layers.28"": ""1"", ""model.layers.29"": ""1"", ""model.layers.3"": ""0"", ""model.layers.30"": ""1"", ""model.layers.31"": ""1"", ""model.layers.4"": ""0"", ""model.layers.5"": ""0"", ""model.layers.6"": ""0"", ""model.layers.7"": ""0"", ""model.layers.8"": ""0"", ""model.layers.9"": ""0"", ""model.norm"": ""1"", ""model.rotary_emb"": ""1""}",0.9356588120026572
