run_id,seed,model_id,backend,workload_name,context_tokens,output_tokens,num_agents,branch_factor,num_prompts,available,skipped,reason,ttft_sec,total_latency_sec,prefill_sec,decode_sec,transfer_sec,resume_sec,omega_sec,throughput_tokens_per_sec,kv_total_bytes,kv_peak_bytes,kv_transferred_bytes,kv_reuse_ratio,materialize_count,transfer_count,branch_instances,dense_prefill_sec,stateful_prefill_sec,tpot_sec,itl_sec,e2el_sec,request_throughput_req_per_sec,source_metrics_path,kvcomm_available,kvcomm_mode,kvcomm_repo,kvcomm_reference,kvcomm_anchor_overhead_sec,kvcomm_reuse_fraction,stateful_parallel_width,stateful_parallel_waves,hf_cuda_device_count,hf_active_cuda_devices,hf_tensor_parallel_size,hf_device,hf_device_map_requested,hf_device_map_effective
multi_d3cc40fdea3a,0,mistralai/Mistral-7B-Instruct-v0.3,vllm_measured,AAFLOW+,1024,64,16,8,32,True,False,,0.019125306360000004,598.61060180048,4.2667105,593.75616,0.51093130048,0.0512,0.0256,437.9207438216638,134217728,2691065421,96307929939,0.9921875,1,4064,128,3093.17632,4.2667105,,,,,runs/stateful/full_paper/exp1_ttft_reduction_mistral_vllm/vllm_runs/mistralai_Mistral-7B-Instruct-v0.3/ctx1024_out64_a16_b8_s0/metrics.json,,,,,,,8,16,,,,,,
multi_8215fb00d98d,0,mistralai/Mistral-7B-Instruct-v0.3,vllm_measured,dense_prefill,1024,64,16,8,32,True,False,,0.77334,7843.4304,3093.17632,4750.04928,0.0,0.0,0.0064,33.42211081518617,134217728,17179869184,0,0.0,128,0,128,3093.17632,4.2667105,,,,,runs/stateful/full_paper/exp1_ttft_reduction_mistral_vllm/vllm_runs/mistralai_Mistral-7B-Instruct-v0.3/ctx1024_out64_a16_b8_s0/metrics.json,,,,,,,8,16,,,,,,
multi_cd1b8ade2b9b,0,mistralai/Mistral-7B-Instruct-v0.3,vllm_measured,aaflow_text,1024,64,16,8,32,True,False,,0.7884434,7905.2939264,3093.17632,4750.04928,0.0,0.0,62.068326400000004,33.160563344085304,134217728,18554258718,0,0.0,4096,0,128,3093.17632,4.2667105,,,,,runs/stateful/full_paper/exp1_ttft_reduction_mistral_vllm/vllm_runs/mistralai_Mistral-7B-Instruct-v0.3/ctx1024_out64_a16_b8_s0/metrics.json,,,,,,,8,16,,,,,,
multi_0fdf140c1f3f,0,mistralai/Mistral-7B-Instruct-v0.3,vllm_measured,vllm_local_prefix,1024,64,16,8,32,True,False,,0.17402303125,4678.6301024,22.957168,4655.0482944000005,0.0,0.4096,0.21504,56.03007595439695,134217728,4402341456,0,0.9921875,32,0,128,3093.17632,4.2667105,,,,,runs/stateful/full_paper/exp1_ttft_reduction_mistral_vllm/vllm_runs/mistralai_Mistral-7B-Instruct-v0.3/ctx1024_out64_a16_b8_s0/metrics.json,,,,,,,8,16,,,,,,
multi_be0930602336,0,mistralai/Mistral-7B-Instruct-v0.3,vllm_measured,sglang_prefix,1024,64,16,8,32,True,False,,0.11408141249999999,4582.4310848,21.748896000000002,4560.0473088,0.0,0.4096,0.22528000000000004,57.2063158504524,134217728,4402341456,0,0.9921875,32,0,128,3093.17632,4.2667105,,,,,runs/stateful/full_paper/exp1_ttft_reduction_mistral_vllm/vllm_runs/mistralai_Mistral-7B-Instruct-v0.3/ctx1024_out64_a16_b8_s0/metrics.json,,,,,,,8,16,,,,,,
multi_b88e557fa9b0,0,mistralai/Mistral-7B-Instruct-v0.3,vllm_measured,kvcomm_prefix,1024,64,16,8,32,True,False,,0.2749278,5817.883219200001,944.8687040000001,4750.04928,0.0,0.0,122.9652352,45.058312469195045,134217728,5247913164,0,0.6945312499999999,32,0,128,3093.17632,944.8687040000001,,,,,runs/stateful/full_paper/exp1_ttft_reduction_mistral_vllm/vllm_runs/mistralai_Mistral-7B-Instruct-v0.3/ctx1024_out64_a16_b8_s0/metrics.json,False,measured_profile_simulation,,https://github.com/FastMAS/KVCOMM,122.76043519999999,0.7,8,16,,,,,,
multi_eb1574afeb13,0,mistralai/Mistral-7B-Instruct-v0.3,vllm_measured,distserve_style,1024,64,16,8,32,True,False,,0.023688709120000002,4796.85075386368,24.16544,4750.04928,22.021633863679998,0.4096,0.2048,54.6491882802176,134217728,17314086912,545460846592,0.0,32,4064,128,3093.17632,4.2667105,,,,,runs/stateful/full_paper/exp1_ttft_reduction_mistral_vllm/vllm_runs/mistralai_Mistral-7B-Instruct-v0.3/ctx1024_out64_a16_b8_s0/metrics.json,,,,,,,8,16,,,,,,
multi_5fdc4cffa2f1,0,mistralai/Mistral-7B-Instruct-v0.3,vllm,vllm_serve,1024,64,16,8,32,True,False,,0.75517,11.912536500996794,,,,,,1042.73,,,,,,,128,,,0.01812,0.01812,0.0,16.29,runs/stateful/full_paper/exp1_ttft_reduction_mistral_vllm/vllm_runs/mistralai_Mistral-7B-Instruct-v0.3/ctx1024_out64_a16_b8_s0/metrics.json,,,,,,,,,,,,,,
multi_79bdba12f9d3,0,mistralai/Mistral-7B-Instruct-v0.3,vllm_measured,AAFLOW+,4096,64,16,8,32,True,False,,0.05590122544,1739.2582822019199,17.549917,1719.66464,1.96692520192,0.0512,0.0256,150.721720104804,536870912,10764261684,385231719756,0.9921875,1,4064,128,12722.913279999999,17.549917,,,,,runs/stateful/full_paper/exp1_ttft_reduction_mistral_vllm/vllm_runs/mistralai_Mistral-7B-Instruct-v0.3/ctx4096_out64_a16_b8_s0/metrics.json,,,,,,,8,16,,,,,,
multi_58000da6aa38,0,mistralai/Mistral-7B-Instruct-v0.3,vllm_measured,dense_prefill,4096,64,16,8,32,True,False,,3.1587099999999997,26480.4352,12722.913279999999,13757.31712,0.0,0.0,0.0064,9.899535185886975,536870912,68719476736,0,0.0,128,0,128,12722.913279999999,17.549917,,,,,runs/stateful/full_paper/exp1_ttft_reduction_mistral_vllm/vllm_runs/mistralai_Mistral-7B-Instruct-v0.3/ctx4096_out64_a16_b8_s0/metrics.json,,,,,,,8,16,,,,,,
multi_d96865b6aa8c,0,mistralai/Mistral-7B-Instruct-v0.3,vllm_measured,aaflow_text,4096,64,16,8,32,True,False,,3.2208335999999997,26734.893465600002,12722.913279999999,13757.31712,0.0,0.0,254.66306559999998,9.805313057906991,536870912,74217034874,0,0.0,4096,0,128,12722.913279999999,17.549917,,,,,runs/stateful/full_paper/exp1_ttft_reduction_mistral_vllm/vllm_runs/mistralai_Mistral-7B-Instruct-v0.3/ctx4096_out64_a16_b8_s0/metrics.json,,,,,,,8,16,,,,,,
multi_74369b5ca666,0,mistralai/Mistral-7B-Instruct-v0.3,vllm_measured,vllm_local_prefix,4096,64,16,8,32,True,False,,0.6932788437499999,13577.2232896,94.427872,13482.1707776,0.0,0.4096,0.21504,19.30762972726532,536870912,17609365824,0,0.9921875,32,0,128,12722.913279999999,17.549917,,,,,runs/stateful/full_paper/exp1_ttft_reduction_mistral_vllm/vllm_runs/mistralai_Mistral-7B-Instruct-v0.3/ctx4096_out64_a16_b8_s0/metrics.json,,,,,,,8,16,,,,,,
multi_ecb3c0d164ac,0,mistralai/Mistral-7B-Instruct-v0.3,vllm_measured,sglang_prefix,4096,64,16,8,32,True,False,,0.44672580624999997,13297.117299200001,89.457984,13207.024435199999,0.0,0.4096,0.22528000000000004,19.71434816294893,536870912,17609365824,0,0.9921875,32,0,128,12722.913279999999,17.549917,,,,,runs/stateful/full_paper/exp1_ttft_reduction_mistral_vllm/vllm_runs/mistralai_Mistral-7B-Instruct-v0.3/ctx4096_out64_a16_b8_s0/metrics.json,,,,,,,8,16,,,,,,
multi_231dc6ce02c5,0,mistralai/Mistral-7B-Instruct-v0.3,vllm_measured,kvcomm_prefix,4096,64,16,8,32,True,False,,1.1086312,18148.9149568,3886.452416,13757.31712,0.0,0.0,505.14542079999995,14.444059086947256,536870912,20991652659,0,0.6945312499999999,32,0,128,12722.913279999999,3886.452416,,,,,runs/stateful/full_paper/exp1_ttft_reduction_mistral_vllm/vllm_runs/mistralai_Mistral-7B-Instruct-v0.3/ctx4096_out64_a16_b8_s0/metrics.json,False,measured_profile_simulation,,https://github.com/FastMAS/KVCOMM,504.9406208,0.7,8,16,,,,,,
multi_ae6eb7cb1778,0,mistralai/Mistral-7B-Instruct-v0.3,vllm_measured,distserve_style,4096,64,16,8,32,True,False,,0.07415483647999999,13944.80621545472,99.39775999999999,13757.31712,87.47693545472,0.4096,0.2048,18.798683606622774,536870912,69256347648,2181843386368,0.0,32,4064,128,12722.913279999999,17.549917,,,,,runs/stateful/full_paper/exp1_ttft_reduction_mistral_vllm/vllm_runs/mistralai_Mistral-7B-Instruct-v0.3/ctx4096_out64_a16_b8_s0/metrics.json,,,,,,,8,16,,,,,,
multi_aea971e75fc8,0,mistralai/Mistral-7B-Instruct-v0.3,vllm,vllm_serve,4096,64,16,8,32,True,False,,3.1061799999999997,18.023745308000798,,,,,,302.98,,,,,,,128,,,0.05248,0.05251,0.0,4.73,runs/stateful/full_paper/exp1_ttft_reduction_mistral_vllm/vllm_runs/mistralai_Mistral-7B-Instruct-v0.3/ctx4096_out64_a16_b8_s0/metrics.json,,,,,,,,,,,,,,
multi_51dbcff10929,0,mistralai/Mistral-7B-Instruct-v0.3,vllm_measured,AAFLOW+,8192,64,16,8,32,True,False,,0.08791245092,2705.7185024236796,38.67809200000001,2663.05536,3.90825042368,0.0512,0.0256,96.88517107939403,1073741824,21528523495,770463443449,0.9921875,1,4064,128,28039.905280000003,38.67809200000001,,,,,runs/stateful/full_paper/exp1_ttft_reduction_mistral_vllm/vllm_runs/mistralai_Mistral-7B-Instruct-v0.3/ctx8192_out64_a16_b8_s0/metrics.json,,,,,,,8,16,,,,,,
multi_71df2c7c2137,0,mistralai/Mistral-7B-Instruct-v0.3,vllm_measured,dense_prefill,8192,64,16,8,32,True,False,,6.9270000000000005,49344.55296,28039.905280000003,21304.44288,0.0,0.0,0.0064,5.312521530238623,1073741824,137438953472,0,0.0,128,0,128,28039.905280000003,38.67809200000001,,,,,runs/stateful/full_paper/exp1_ttft_reduction_mistral_vllm/vllm_runs/mistralai_Mistral-7B-Instruct-v0.3/ctx8192_out64_a16_b8_s0/metrics.json,,,,,,,8,16,,,,,,
multi_6b221d397ea1,0,mistralai/Mistral-7B-Instruct-v0.3,vllm_measured,aaflow_text,8192,64,16,8,32,True,False,,7.0639136,49905.3510656,28039.905280000003,21304.44288,0.0,0.0,561.0029056000001,5.252823482904965,1073741824,148434069749,0,0.0,4096,0,128,28039.905280000003,38.67809200000001,,,,,runs/stateful/full_paper/exp1_ttft_reduction_mistral_vllm/vllm_runs/mistralai_Mistral-7B-Instruct-v0.3/ctx8192_out64_a16_b8_s0/metrics.json,,,,,,,8,16,,,,,,
multi_1c036e570efb,0,mistralai/Mistral-7B-Instruct-v0.3,vllm_measured,vllm_local_prefix,8192,64,16,8,32,True,False,,1.49334071875,21087.087334399996,208.108672,20878.3540224,0.0,0.4096,0.21504,12.431494015408978,1073741824,35218731760,0,0.9921875,32,0,128,28039.905280000003,38.67809200000001,,,,,runs/stateful/full_paper/exp1_ttft_reduction_mistral_vllm/vllm_runs/mistralai_Mistral-7B-Instruct-v0.3/ctx8192_out64_a16_b8_s0/metrics.json,,,,,,,8,16,,,,,,
multi_b8e0a05064a9,0,mistralai/Mistral-7B-Instruct-v0.3,vllm_measured,sglang_prefix,8192,64,16,8,32,True,False,,0.94996486875,20650.055628799997,197.15558400000003,20452.2651648,0.0,0.4096,0.22528000000000004,12.694590499523683,1073741824,35218731760,0,0.9921875,32,0,128,28039.905280000003,38.67809200000001,,,,,runs/stateful/full_paper/exp1_ttft_reduction_mistral_vllm/vllm_runs/mistralai_Mistral-7B-Instruct-v0.3/ctx8192_out64_a16_b8_s0/metrics.json,,,,,,,8,16,,,,,,
multi_9021996d5ce4,0,mistralai/Mistral-7B-Instruct-v0.3,vllm_measured,kvcomm_prefix,8192,64,16,8,32,True,False,,2.4088512000000004,30982.7962368,8565.314816000002,21304.44288,0.0,0.0,1113.0385408000002,8.460953556175053,1073741824,41983305318,0,0.6945312499999999,32,0,128,28039.905280000003,8565.314816000002,,,,,runs/stateful/full_paper/exp1_ttft_reduction_mistral_vllm/vllm_runs/mistralai_Mistral-7B-Instruct-v0.3/ctx8192_out64_a16_b8_s0/metrics.json,False,measured_profile_simulation,,https://github.com/FastMAS/KVCOMM,1112.8337408000002,0.7,8,16,,,,,,
multi_304a92bca43b,0,mistralai/Mistral-7B-Instruct-v0.3,vllm_measured,distserve_style,8192,64,16,8,32,True,False,,0.12441967295999999,21698.86971090944,219.06176000000002,21304.44288,174.75067090944,0.4096,0.2048,12.080997927196323,1073741824,138512695296,4363686772736,0.0,32,4064,128,28039.905280000003,38.67809200000001,,,,,runs/stateful/full_paper/exp1_ttft_reduction_mistral_vllm/vllm_runs/mistralai_Mistral-7B-Instruct-v0.3/ctx8192_out64_a16_b8_s0/metrics.json,,,,,,,8,16,,,,,,
multi_b6b856bbbd2b,0,mistralai/Mistral-7B-Instruct-v0.3,vllm,vllm_serve,8192,64,16,8,32,True,False,,6.845680000000001,26.188564952997694,,,,,,143.85,,,,,,,128,,,0.08127,0.08127,0.0,2.25,runs/stateful/full_paper/exp1_ttft_reduction_mistral_vllm/vllm_runs/mistralai_Mistral-7B-Instruct-v0.3/ctx8192_out64_a16_b8_s0/metrics.json,,,,,,,,,,,,,,
multi_88db57805c39,0,mistralai/Mistral-7B-Instruct-v0.3,vllm_measured,AAFLOW+,16384,64,16,8,32,True,False,,0.11963490187999999,3587.6868138672,88.38871300000001,3491.4303999999997,7.7909008671999995,0.0512,0.0256,73.06769336352205,2147483648,43057047117,1540926890835,0.9921875,1,4064,128,64077.905920000005,88.38871300000001,,,,,runs/stateful/full_paper/exp1_ttft_reduction_mistral_vllm/vllm_runs/mistralai_Mistral-7B-Instruct-v0.3/ctx16384_out64_a16_b8_s0/metrics.json,,,,,,,8,16,,,,,,
multi_c85e88313637,0,mistralai/Mistral-7B-Instruct-v0.3,vllm_measured,dense_prefill,16384,64,16,8,32,True,False,,15.750620000000001,92009.55392,64077.905920000005,27931.443199999998,0.0,0.0,0.0064,2.8490954344581176,2147483648,274877906944,0,0.0,128,0,128,64077.905920000005,88.38871300000001,,,,,runs/stateful/full_paper/exp1_ttft_reduction_mistral_vllm/vllm_runs/mistralai_Mistral-7B-Instruct-v0.3/ctx16384_out64_a16_b8_s0/metrics.json,,,,,,,8,16,,,,,,
multi_fd4fd0ac7a3d,0,mistralai/Mistral-7B-Instruct-v0.3,vllm_measured,aaflow_text,16384,64,16,8,32,True,False,,16.063500400000002,93291.1120384,64077.905920000005,27931.443199999998,0.0,0.0,1281.7629184,2.809956857327391,2147483648,296868139499,0,0.0,4096,0,128,64077.905920000005,88.38871300000001,,,,,runs/stateful/full_paper/exp1_ttft_reduction_mistral_vllm/vllm_runs/mistralai_Mistral-7B-Instruct-v0.3/ctx16384_out64_a16_b8_s0/metrics.json,,,,,,,8,16,,,,,,
multi_79258ef978fb,0,mistralai/Mistral-7B-Instruct-v0.3,vllm_measured,vllm_local_prefix,16384,64,16,8,32,True,False,,3.333278343750001,27849.017183999993,475.578208,27372.814335999996,0.0,0.4096,0.21504,9.41304313426934,2147483648,70437463632,0,0.9921875,32,0,128,64077.905920000005,88.38871300000001,,,,,runs/stateful/full_paper/exp1_ttft_reduction_mistral_vllm/vllm_runs/mistralai_Mistral-7B-Instruct-v0.3/ctx16384_out64_a16_b8_s0/metrics.json,,,,,,,8,16,,,,,,
multi_87befc4e2fc6,0,mistralai/Mistral-7B-Instruct-v0.3,vllm_measured,sglang_prefix,16384,64,16,8,32,True,False,,2.09153425625,27265.368127999995,450.54777600000006,26814.185471999997,0.0,0.4096,0.22528000000000004,9.614541009288368,2147483648,70437463632,0,0.9921875,32,0,128,64077.905920000005,88.38871300000001,,,,,runs/stateful/full_paper/exp1_ttft_reduction_mistral_vllm/vllm_runs/mistralai_Mistral-7B-Instruct-v0.3/ctx16384_out64_a16_b8_s0/metrics.json,,,,,,,8,16,,,,,,
multi_ba2fe90ff352,0,mistralai/Mistral-7B-Instruct-v0.3,vllm_measured,kvcomm_prefix,16384,64,16,8,32,True,False,,5.425566800000001,50048.5377152,19573.797824000005,27931.443199999998,0.0,0.0,2543.2966912,5.237795387584032,2147483648,83966610636,0,0.6945312499999999,32,0,128,64077.905920000005,19573.797824000005,,,,,runs/stateful/full_paper/exp1_ttft_reduction_mistral_vllm/vllm_runs/mistralai_Mistral-7B-Instruct-v0.3/ctx16384_out64_a16_b8_s0/metrics.json,False,measured_profile_simulation,,https://github.com/FastMAS/KVCOMM,2543.0918912,0.7,8,16,,,,,,
multi_d934f3e3cf2b,0,mistralai/Mistral-7B-Instruct-v0.3,vllm_measured,distserve_style,16384,64,16,8,32,True,False,,0.19264934592,28781.964381818874,500.60864000000004,27931.443199999998,349.29814181887997,0.4096,0.2048,9.107925940092969,2147483648,277025390592,8727373545472,0.0,32,4064,128,64077.905920000005,88.38871300000001,,,,,runs/stateful/full_paper/exp1_ttft_reduction_mistral_vllm/vllm_runs/mistralai_Mistral-7B-Instruct-v0.3/ctx16384_out64_a16_b8_s0/metrics.json,,,,,,,8,16,,,,,,
multi_f42f9714adcd,0,mistralai/Mistral-7B-Instruct-v0.3,vllm,vllm_serve,16384,64,16,8,32,True,False,,15.644020000000001,46.11931889999687,,,,,,64.32,,,,,,,128,,,0.10654999999999999,0.10735,0.0,1.0,runs/stateful/full_paper/exp1_ttft_reduction_mistral_vllm/vllm_runs/mistralai_Mistral-7B-Instruct-v0.3/ctx16384_out64_a16_b8_s0/metrics.json,,,,,,,,,,,,,,
multi_fb25d42be8f7,0,mistralai/Mistral-7B-Instruct-v0.3,vllm_measured,AAFLOW+,24576,64,16,8,32,True,False,,0.1460773528,4305.36854429088,146.827793,4146.7904,11.67355129088,0.0512,0.0256,60.88770271423458,3221225472,64585570612,2311390334284,0.9921875,1,4064,128,106443.65312,146.827793,,,,,runs/stateful/full_paper/exp1_ttft_reduction_mistral_vllm/vllm_runs/mistralai_Mistral-7B-Instruct-v0.3/ctx24576_out64_a16_b8_s0/metrics.json,,,,,,,8,16,,,,,,
multi_c8fb479e1cc8,0,mistralai/Mistral-7B-Instruct-v0.3,vllm_measured,dense_prefill,24576,64,16,8,32,True,False,,26.113820000000004,139618.18112000002,106443.65312,33174.3232,0.0,0.0,0.0064,1.8775778189997376,3221225472,412316860416,0,0.0,128,0,128,106443.65312,146.827793,,,,,runs/stateful/full_paper/exp1_ttft_reduction_mistral_vllm/vllm_runs/mistralai_Mistral-7B-Instruct-v0.3/ctx24576_out64_a16_b8_s0/metrics.json,,,,,,,8,16,,,,,,
multi_5be919ab98b9,0,mistralai/Mistral-7B-Instruct-v0.3,vllm_measured,aaflow_text,24576,64,16,8,32,True,False,,26.633564400000004,141747.05418240002,106443.65312,33174.3232,0.0,0.0,2129.0778624,1.8493788213945757,3221225472,445302209249,0,0.0,4096,0,128,106443.65312,146.827793,,,,,runs/stateful/full_paper/exp1_ttft_reduction_mistral_vllm/vllm_runs/mistralai_Mistral-7B-Instruct-v0.3/ctx24576_out64_a16_b8_s0/metrics.json,,,,,,,8,16,,,,,,
multi_3e4cdda3b0c2,0,mistralai/Mistral-7B-Instruct-v0.3,vllm_measured,vllm_local_prefix,24576,64,16,8,32,True,False,,5.48656334375,33301.472863999996,790.011488,32510.836735999997,0.0,0.4096,0.21504,7.8718440193492585,3221225472,105656195392,0,0.9921875,32,0,128,106443.65312,146.827793,,,,,runs/stateful/full_paper/exp1_ttft_reduction_mistral_vllm/vllm_runs/mistralai_Mistral-7B-Instruct-v0.3/ctx24576_out64_a16_b8_s0/metrics.json,,,,,,,8,16,,,,,,
multi_b1c2469aa3c7,0,mistralai/Mistral-7B-Instruct-v0.3,vllm_measured,sglang_prefix,24576,64,16,8,32,True,False,,3.4238277562499997,32596.417087999995,748.4319360000001,31847.350271999996,0.0,0.4096,0.22528000000000004,8.042110864279785,3221225472,105656195392,0,0.9921875,32,0,128,106443.65312,146.827793,,,,,runs/stateful/full_paper/exp1_ttft_reduction_mistral_vllm/vllm_runs/mistralai_Mistral-7B-Instruct-v0.3/ctx24576_out64_a16_b8_s0/metrics.json,,,,,,,8,16,,,,,,
multi_d0fc0bed5fdd,0,mistralai/Mistral-7B-Instruct-v0.3,vllm_measured,kvcomm_prefix,24576,64,16,8,32,True,False,,8.962254800000002,69914.22014720002,32515.209664000005,33174.3232,0.0,0.0,4224.687283200001,3.7495090333278727,3221225472,125949915955,0,0.6945312499999999,32,0,128,106443.65312,32515.209664000005,,,,,runs/stateful/full_paper/exp1_ttft_reduction_mistral_vllm/vllm_runs/mistralai_Mistral-7B-Instruct-v0.3/ctx24576_out64_a16_b8_s0/metrics.json,False,measured_profile_simulation,,https://github.com/FastMAS/KVCOMM,4224.4824832,0.7,8,16,,,,,,
multi_df9c1d2ebdb3,0,mistralai/Mistral-7B-Instruct-v0.3,vllm_measured,distserve_style,24576,64,16,8,32,True,False,,0.25559901888,34530.37425272832,831.59104,33174.3232,523.84561272832,0.4096,0.2048,7.591692985467351,3221225472,415538085888,13091060318208,0.0,32,4064,128,106443.65312,146.827793,,,,,runs/stateful/full_paper/exp1_ttft_reduction_mistral_vllm/vllm_runs/mistralai_Mistral-7B-Instruct-v0.3/ctx24576_out64_a16_b8_s0/metrics.json,,,,,,,8,16,,,,,,
multi_548d9e9ee5e0,0,mistralai/Mistral-7B-Instruct-v0.3,vllm,vllm_serve,24576,64,16,8,32,True,False,,25.98722,68.53612761199838,,,,,,38.79,,,,,,,128,,,0.12655,0.12655,0.0,0.61,runs/stateful/full_paper/exp1_ttft_reduction_mistral_vllm/vllm_runs/mistralai_Mistral-7B-Instruct-v0.3/ctx24576_out64_a16_b8_s0/metrics.json,,,,,,,,,,,,,,
multi_fac310900964,0,mistralai/Mistral-7B-Instruct-v0.3,vllm_measured,AAFLOW+,28672,64,16,8,32,True,False,,0.15771857828,4618.54842201264,182.15978550000003,4422.69696,13.61487651264,0.0512,0.0256,56.75895888642965,3758096384,75349832423,2696622057977,0.9921875,1,4064,128,132057.78432,182.15978550000003,,,,,runs/stateful/full_paper/exp1_ttft_reduction_mistral_vllm/vllm_runs/mistralai_Mistral-7B-Instruct-v0.3/ctx28672_out64_a16_b8_s0/metrics.json,,,,,,,8,16,,,,,,
multi_3a195bac299f,0,mistralai/Mistral-7B-Instruct-v0.3,vllm_measured,dense_prefill,28672,64,16,8,32,True,False,,32.375690000000006,167439.56480000002,132057.78432,35381.57568,0.0,0.0,0.0064,1.5656036869966827,3758096384,481036337152,0,0.0,128,0,128,132057.78432,182.15978550000003,,,,,runs/stateful/full_paper/exp1_ttft_reduction_mistral_vllm/vllm_runs/mistralai_Mistral-7B-Instruct-v0.3/ctx28672_out64_a16_b8_s0/metrics.json,,,,,,,8,16,,,,,,
multi_bb619810d097,0,mistralai/Mistral-7B-Instruct-v0.3,vllm_measured,aaflow_text,28672,64,16,8,32,True,False,,33.0205034,170080.7204864,132057.78432,35381.57568,0.0,0.0,2641.3604864000004,1.5412916834448709,3758096384,519519244124,0,0.0,4096,0,128,132057.78432,182.15978550000003,,,,,runs/stateful/full_paper/exp1_ttft_reduction_mistral_vllm/vllm_runs/mistralai_Mistral-7B-Instruct-v0.3/ctx28672_out64_a16_b8_s0/metrics.json,,,,,,,8,16,,,,,,
multi_0eb6552a7e3b,0,mistralai/Mistral-7B-Instruct-v0.3,vllm_measured,vllm_local_prefix,28672,64,16,8,32,True,False,,6.78475740625,35654.68517440001,980.116368,34673.944166400004,0.0,0.4096,0.21504,7.352301632106932,3758096384,123265561328,0,0.9921875,32,0,128,132057.78432,182.15978550000003,,,,,runs/stateful/full_paper/exp1_ttft_reduction_mistral_vllm/vllm_runs/mistralai_Mistral-7B-Instruct-v0.3/ctx28672_out64_a16_b8_s0/metrics.json,,,,,,,8,16,,,,,,
multi_6a19cee7946c,0,mistralai/Mistral-7B-Instruct-v0.3,vllm_measured,sglang_prefix,28672,64,16,8,32,True,False,,4.2256542249999995,34895.4788288,928.5312960000001,33966.3126528,0.0,0.4096,0.22528000000000004,7.512262585250639,3758096384,123265561328,0,0.9921875,32,0,128,132057.78432,182.15978550000003,,,,,runs/stateful/full_paper/exp1_ttft_reduction_mistral_vllm/vllm_runs/mistralai_Mistral-7B-Instruct-v0.3/ctx28672_out64_a16_b8_s0/metrics.json,,,,,,,8,16,,,,,,
multi_cac65fecd489,0,mistralai/Mistral-7B-Instruct-v0.3,vllm_measured,kvcomm_prefix,28672,64,16,8,32,True,False,,11.0968478,80962.3500992,40339.526304000006,35381.57568,0.0,0.0,5241.248115200001,3.2378506760093453,3758096384,146941568614,0,0.6945312499999999,32,0,128,132057.78432,40339.526304000006,,,,,runs/stateful/full_paper/exp1_ttft_reduction_mistral_vllm/vllm_runs/mistralai_Mistral-7B-Instruct-v0.3/ctx28672_out64_a16_b8_s0/metrics.json,False,measured_profile_simulation,,https://github.com/FastMAS/KVCOMM,5241.0433152000005,0.7,8,16,,,,,,
multi_9ad8531e13f1,0,mistralai/Mistral-7B-Instruct-v0.3,vllm_measured,distserve_style,28672,64,16,8,32,True,False,,0.28549385536,37025.01086818304,1031.70144,35381.57568,611.11934818304,0.4096,0.2048,7.080186983152786,3758096384,484794433536,15272903704576,0.0,32,4064,128,132057.78432,182.15978550000003,,,,,runs/stateful/full_paper/exp1_ttft_reduction_mistral_vllm/vllm_runs/mistralai_Mistral-7B-Instruct-v0.3/ctx28672_out64_a16_b8_s0/metrics.json,,,,,,,8,16,,,,,,
multi_05b83ac27bd3,0,mistralai/Mistral-7B-Instruct-v0.3,vllm,vllm_serve,28672,64,16,8,32,True,False,,32.24067,80.66473288199995,,,,,,31.41,,,,,,,128,,,0.13497,0.13673,0.0,0.49,runs/stateful/full_paper/exp1_ttft_reduction_mistral_vllm/vllm_runs/mistralai_Mistral-7B-Instruct-v0.3/ctx28672_out64_a16_b8_s0/metrics.json,,,,,,,,,,,,,,
multi_6a335d03e148,0,mistralai/Mistral-7B-Instruct-v0.3,vllm_measured,AAFLOW+,30720,64,16,8,32,True,False,,0.16399919104,4790.87571363344,200.4898545,4575.72352,14.585539133440001,0.0512,0.0256,54.717345151328885,4026531840,80731963392,2889237921792,0.9921875,1,4064,128,145346.27328,200.4898545,,,,,runs/stateful/full_paper/exp1_ttft_reduction_mistral_vllm/vllm_runs/mistralai_Mistral-7B-Instruct-v0.3/ctx30720_out64_a16_b8_s0/metrics.json,,,,,,,8,16,,,,,,
multi_f9e4b23f5d9c,0,mistralai/Mistral-7B-Instruct-v0.3,vllm_measured,dense_prefill,30720,64,16,8,32,True,False,,35.62462,181952.26624,145346.27328,36605.78816,0.0,0.0,0.0064,1.4407295133891045,4026531840,515396075520,0,0.0,128,0,128,145346.27328,200.4898545,,,,,runs/stateful/full_paper/exp1_ttft_reduction_mistral_vllm/vllm_runs/mistralai_Mistral-7B-Instruct-v0.3/ctx30720_out64_a16_b8_s0/metrics.json,,,,,,,8,16,,,,,,
multi_aa5b69157103,0,mistralai/Mistral-7B-Instruct-v0.3,vllm_measured,aaflow_text,30720,64,16,8,32,True,False,,36.3343186,184859.19170559998,145346.27328,36605.78816,0.0,0.0,2907.1302656,1.4180739274110914,4026531840,556627761561,0,0.0,4096,0,128,145346.27328,200.4898545,,,,,runs/stateful/full_paper/exp1_ttft_reduction_mistral_vllm/vllm_runs/mistralai_Mistral-7B-Instruct-v0.3/ctx30720_out64_a16_b8_s0/metrics.json,,,,,,,8,16,,,,,,
multi_235b859de3d6,0,mistralai/Mistral-7B-Instruct-v0.3,vllm_measured,vllm_local_prefix,30720,64,16,8,32,True,False,,7.4585560312500006,36953.038908799994,1078.7418719999998,35873.67239679999,0.0,0.4096,0.21504,7.093976780826354,4026531840,132070244352,0,0.9921875,32,0,128,145346.27328,200.4898545,,,,,runs/stateful/full_paper/exp1_ttft_reduction_mistral_vllm/vllm_runs/mistralai_Mistral-7B-Instruct-v0.3/ctx30720_out64_a16_b8_s0/metrics.json,,,,,,,8,16,,,,,,
multi_2fb5831579cd,0,mistralai/Mistral-7B-Instruct-v0.3,vllm_measured,sglang_prefix,30720,64,16,8,32,True,False,,4.6419397125,36164.1574976,1021.9659839999999,35141.5566336,0.0,0.4096,0.22528000000000004,7.2487240997497855,4026531840,132070244352,0,0.9921875,32,0,128,145346.27328,200.4898545,,,,,runs/stateful/full_paper/exp1_ttft_reduction_mistral_vllm/vllm_runs/mistralai_Mistral-7B-Instruct-v0.3/ctx30720_out64_a16_b8_s0/metrics.json,,,,,,,8,16,,,,,,
multi_d06d2cd9ad8c,0,mistralai/Mistral-7B-Instruct-v0.3,vllm_measured,kvcomm_prefix,30720,64,16,8,32,True,False,,12.204566200000002,86773.16759679999,44398.74441600001,36605.78816,0.0,0.0,5768.6350208,3.021026052870142,4026531840,157437394944,0,0.6945312499999999,32,0,128,145346.27328,44398.74441600001,,,,,runs/stateful/full_paper/exp1_ttft_reduction_mistral_vllm/vllm_runs/mistralai_Mistral-7B-Instruct-v0.3/ctx30720_out64_a16_b8_s0/metrics.json,False,measured_profile_simulation,,https://github.com/FastMAS/KVCOMM,5768.4302208,0.7,8,16,,,,,,
multi_c33d7bf125a5,0,mistralai/Mistral-7B-Instruct-v0.3,vllm_measured,distserve_style,30720,64,16,8,32,True,False,,0.30090127359999996,38396.676535910396,1135.51776,36605.78816,654.7562159104,0.4096,0.2048,6.827257555867641,4026531840,519422607360,16363825397760,0.0,32,4064,128,145346.27328,200.4898545,,,,,runs/stateful/full_paper/exp1_ttft_reduction_mistral_vllm/vllm_runs/mistralai_Mistral-7B-Instruct-v0.3/ctx30720_out64_a16_b8_s0/metrics.json,,,,,,,8,16,,,,,,
multi_c755a2314dc2,0,mistralai/Mistral-7B-Instruct-v0.3,vllm,vllm_serve,30720,64,16,8,32,True,False,,35.48493,88.61604543899739,,,,,,28.59,,,,,,,128,,,0.13964,0.13964,0.0,0.45,runs/stateful/full_paper/exp1_ttft_reduction_mistral_vllm/vllm_runs/mistralai_Mistral-7B-Instruct-v0.3/ctx30720_out64_a16_b8_s0/metrics.json,,,,,,,,,,,,,,
multi_207682ce1ff5,0,mistralai/Mistral-7B-Instruct-v0.3,vllm_measured,AAFLOW+,32640,64,16,8,32,True,False,,0.17156914048,5008.33808982928,218.46815450000003,4774.2976,15.49553532928,0.0512,0.0256,52.34151435030932,4278190080,85777711104,3069815291904,0.9921875,1,4064,128,158379.74528,218.46815450000003,,,,,runs/stateful/full_paper/exp1_ttft_reduction_mistral_vllm/vllm_runs/mistralai_Mistral-7B-Instruct-v0.3/ctx32640_out64_a16_b8_s0/metrics.json,,,,,,,8,16,,,,,,
multi_6c32eb94200e,0,mistralai/Mistral-7B-Instruct-v0.3,vllm_measured,dense_prefill,32640,64,16,8,32,True,False,,38.81268,196574.33088000002,158379.74528,38194.3808,0.0,0.0,0.0064,1.3335617057754472,4278190080,547608330240,0,0.0,128,0,128,158379.74528,218.46815450000003,,,,,runs/stateful/full_paper/exp1_ttft_reduction_mistral_vllm/vllm_runs/mistralai_Mistral-7B-Instruct-v0.3/ctx32640_out64_a16_b8_s0/metrics.json,,,,,,,8,16,,,,,,
multi_6e82e22681e3,0,mistralai/Mistral-7B-Instruct-v0.3,vllm_measured,aaflow_text,32640,64,16,8,32,True,False,,39.5860186,199741.9257856,158379.74528,38194.3808,0.0,0.0,3167.7997056,1.3124135004154383,4278190080,591416996659,0,0.0,4096,0,128,158379.74528,218.46815450000003,,,,,runs/stateful/full_paper/exp1_ttft_reduction_mistral_vllm/vllm_runs/mistralai_Mistral-7B-Instruct-v0.3/ctx32640_out64_a16_b8_s0/metrics.json,,,,,,,8,16,,,,,,
multi_271db13cbd6b,0,mistralai/Mistral-7B-Instruct-v0.3,vllm_measured,vllm_local_prefix,32640,64,16,8,32,True,False,,8.12090353125,38606.592496,1175.474672,37430.493184,0.0,0.4096,0.21504,6.790135649168223,4278190080,140324634624,0,0.9921875,32,0,128,158379.74528,218.46815450000003,,,,,runs/stateful/full_paper/exp1_ttft_reduction_mistral_vllm/vllm_runs/mistralai_Mistral-7B-Instruct-v0.3/ctx32640_out64_a16_b8_s0/metrics.json,,,,,,,8,16,,,,,,
multi_99e3bf309d3d,0,mistralai/Mistral-7B-Instruct-v0.3,vllm_measured,sglang_prefix,32640,64,16,8,32,True,False,,5.0517159624999985,37780.848031999994,1113.607584,36666.605568,0.0,0.4096,0.22528000000000004,6.938541977087616,4278190080,140324634624,0,0.9921875,32,0,128,158379.74528,218.46815450000003,,,,,runs/stateful/full_paper/exp1_ttft_reduction_mistral_vllm/vllm_runs/mistralai_Mistral-7B-Instruct-v0.3/ctx32640_out64_a16_b8_s0/metrics.json,,,,,,,8,16,,,,,,
multi_055deb86f746,0,mistralai/Mistral-7B-Instruct-v0.3,vllm_measured,kvcomm_prefix,32640,64,16,8,32,True,False,,13.292506200000002,92860.3445568,48380.062816000005,38194.3808,0.0,0.0,6285.9009408,2.82299189445344,4278190080,167277232128,0,0.6945312499999999,32,0,128,158379.74528,48380.062816000005,,,,,runs/stateful/full_paper/exp1_ttft_reduction_mistral_vllm/vllm_runs/mistralai_Mistral-7B-Instruct-v0.3/ctx32640_out64_a16_b8_s0/metrics.json,False,measured_profile_simulation,,https://github.com/FastMAS/KVCOMM,6285.6961408,0.7,8,16,,,,,,
multi_4bfff9199b09,0,mistralai/Mistral-7B-Instruct-v0.3,vllm_measured,distserve_style,32640,64,16,8,32,True,False,,0.3170276032,40128.0027394048,1237.34176,38194.3808,695.6657794048,0.4096,0.2048,6.532694928835331,4278190080,551886520320,17386564485120,0.0,32,4064,128,158379.74528,218.46815450000003,,,,,runs/stateful/full_paper/exp1_ttft_reduction_mistral_vllm/vllm_runs/mistralai_Mistral-7B-Instruct-v0.3/ctx32640_out64_a16_b8_s0/metrics.json,,,,,,,8,16,,,,,,
multi_cb828702f0ac,0,mistralai/Mistral-7B-Instruct-v0.3,vllm,vllm_serve,32640,64,16,8,32,True,False,,38.66693,95.32523387200126,,,,,,26.26,,,,,,,128,,,0.1457,0.1457,0.0,0.41,runs/stateful/full_paper/exp1_ttft_reduction_mistral_vllm/vllm_runs/mistralai_Mistral-7B-Instruct-v0.3/ctx32640_out64_a16_b8_s0/metrics.json,,,,,,,,,,,,,,
