run_id,model_id,prompt_index,context_tokens,output_tokens,available,skipped,reason,exact_match,exact_token_match_rate,first_divergence_position,normalized_edit_distance,output_agreement_rate,dense_token_count,cached_token_count,dense_text,cached_text,possible_mismatch_causes
mistralai_Mistral-7B-Instruct-v0.3_0000,mistralai/Mistral-7B-Instruct-v0.3,0,4096,64,True,False,,True,1.0,,0.0,1.0,64,64,"000000

```
import numpy as np
import pandas as pd
from sklearn.metrics import mean_squared_error
from sklearn.model_selection import train_test_split
from sklearn.linear_model import LinearRegression

","000000

```
import numpy as np
import pandas as pd
from sklearn.metrics import mean_squared_error
from sklearn.model_selection import train_test_split
from sklearn.linear_model import LinearRegression

",attention mask;dtype/numerical nondeterminism;position ids
mistralai_Mistral-7B-Instruct-v0.3_0001,mistralai/Mistral-7B-Instruct-v0.3,1,4096,64,True,False,,True,1.0,,0.0,1.0,64,64,"

```
import numpy as np
import pandas as pd
from scipy.sparse import csr_matrix

def stateful_agentic_algebra(workflow, cache_state=None):
    if cache_state is None:
        cache_state =","

```
import numpy as np
import pandas as pd
from scipy.sparse import csr_matrix

def stateful_agentic_algebra(workflow, cache_state=None):
    if cache_state is None:
        cache_state =",attention mask;dtype/numerical nondeterminism;position ids
mistralai_Mistral-7B-Instruct-v0.3_0002,mistralai/Mistral-7B-Instruct-v0.3,2,4096,64,True,False,,True,1.0,,0.0,1.0,64,64,"

| Prompt | Response |
| --- | --- |
| What is the purpose of stateful agentic algebra in multi-agent workflows? | Stateful agentic algebra measures reusable key value cache state across multi-agent workflows, ensuring efficient and consistent data sharing among agents","

| Prompt | Response |
| --- | --- |
| What is the purpose of stateful agentic algebra in multi-agent workflows? | Stateful agentic algebra measures reusable key value cache state across multi-agent workflows, ensuring efficient and consistent data sharing among agents",attention mask;dtype/numerical nondeterminism;position ids
mistralai_Mistral-7B-Instruct-v0.3_0003,mistralai/Mistral-7B-Instruct-v0.3,3,4096,64,True,False,,True,1.0,,0.0,1.0,64,64,1.1.1.1.1.1.1.1.1.1.1.1.1.1.1.1.1.1.1.1.1.1.1.1.1.1.1.1.1.1.1.1.,1.1.1.1.1.1.1.1.1.1.1.1.1.1.1.1.1.1.1.1.1.1.1.1.1.1.1.1.1.1.1.1.,attention mask;dtype/numerical nondeterminism;position ids
mistralai_Mistral-7B-Instruct-v0.3_0004,mistralai/Mistral-7B-Instruct-v0.3,4,4096,64,True,False,,True,1.0,,0.0,1.0,64,64,1.1.1.1.1.1.1.1.1.1.1.1.1.1.1.1.1.1.1.1.1.1.1.1.1.1.1.1.1.1.1.1.,1.1.1.1.1.1.1.1.1.1.1.1.1.1.1.1.1.1.1.1.1.1.1.1.1.1.1.1.1.1.1.1.,attention mask;dtype/numerical nondeterminism;position ids
mistralai_Mistral-7B-Instruct-v0.3_0005,mistralai/Mistral-7B-Instruct-v0.3,5,4096,64,True,False,,True,1.0,,0.0,1.0,64,64,"

The stateful agentic algebra measures reusable key value cache state across multi agent workflows. The stateful agentic algebra measures reusable key value cache state across multi agent workflows. The stateful agentic algebra measures reusable key value cache state across multi agent workflows","

The stateful agentic algebra measures reusable key value cache state across multi agent workflows. The stateful agentic algebra measures reusable key value cache state across multi agent workflows. The stateful agentic algebra measures reusable key value cache state across multi agent workflows",attention mask;dtype/numerical nondeterminism;position ids
mistralai_Mistral-7B-Instruct-v0.3_0006,mistralai/Mistral-7B-Instruct-v0.3,6,4096,64,True,False,,True,1.0,,0.0,1.0,64,64,"

The stateful agentic algebra measures reusable key value cache state across multi agent workflows. The stateful agentic algebra measures reusable key value cache state across multi agent workflows. The stateful agentic algebra measures reusable key value cache state across multi agent workflows","

The stateful agentic algebra measures reusable key value cache state across multi agent workflows. The stateful agentic algebra measures reusable key value cache state across multi agent workflows. The stateful agentic algebra measures reusable key value cache state across multi agent workflows",attention mask;dtype/numerical nondeterminism;position ids
mistralai_Mistral-7B-Instruct-v0.3_0007,mistralai/Mistral-7B-Instruct-v0.3,7,4096,64,True,False,,True,1.0,,0.0,1.0,64,64,"

The stateful agentic algebra measures reusable key value cache state across multi agent workflows. The stateful agentic algebra measures reusable key value cache state across multi agent workflows. The stateful agentic algebra measures reusable key value cache state across multi agent workflows","

The stateful agentic algebra measures reusable key value cache state across multi agent workflows. The stateful agentic algebra measures reusable key value cache state across multi agent workflows. The stateful agentic algebra measures reusable key value cache state across multi agent workflows",attention mask;dtype/numerical nondeterminism;position ids
