model_id,context_tokens,output_tokens,kv_bytes,kv_mib,prefill_sec,decode_sec,t_recompute_sec,t_local_reuse_sec,bandwidth_name,bandwidth_bytes_per_sec,latency_name,latency_sec,t_transfer_sec,benefit,speedup_vs_recompute,file_transfer_sec,measurement_source,reason
meta-llama/Meta-Llama-3-8B-Instruct,1024,64,142606336,136.0,0.3045435469975928,2.2193643409991637,0.3045435469975928,2.2193643409991637,10Gbps,1250000000.0,rdma_10us,9.999999999999999e-06,0.11409506879999999,True,2.6692086713356082,,hf_real,
meta-llama/Meta-Llama-3-8B-Instruct,1024,64,142606336,136.0,0.3045435469975928,2.2193643409991637,0.3045435469975928,2.2193643409991637,10Gbps,1250000000.0,ethernet_100us,9.999999999999999e-05,0.1141850688,True,2.6671048167515994,,hf_real,
meta-llama/Meta-Llama-3-8B-Instruct,1024,64,142606336,136.0,0.3045435469975928,2.2193643409991637,0.3045435469975928,2.2193643409991637,25Gbps,3125000000.0,rdma_10us,9.999999999999999e-06,0.045644027520000005,True,6.6721444961041145,,hf_real,
meta-llama/Meta-Llama-3-8B-Instruct,1024,64,142606336,136.0,0.3045435469975928,2.2193643409991637,0.3045435469975928,2.2193643409991637,25Gbps,3125000000.0,ethernet_100us,9.999999999999999e-05,0.045734027520000005,True,6.659014381893492,,hf_real,
meta-llama/Meta-Llama-3-8B-Instruct,1024,64,142606336,136.0,0.3045435469975928,2.2193643409991637,0.3045435469975928,2.2193643409991637,100Gbps,12500000000.0,rdma_10us,9.999999999999999e-06,0.01141850688,True,26.671048167515995,,hf_real,
meta-llama/Meta-Llama-3-8B-Instruct,1024,64,142606336,136.0,0.3045435469975928,2.2193643409991637,0.3045435469975928,2.2193643409991637,100Gbps,12500000000.0,ethernet_100us,9.999999999999999e-05,0.01150850688,True,26.462472514731015,,hf_real,
meta-llama/Meta-Llama-3-8B-Instruct,1024,64,142606336,136.0,0.3045435469975928,2.2193643409991637,0.3045435469975928,2.2193643409991637,200Gbps,25000000000.0,rdma_10us,9.999999999999999e-06,0.00571425344,True,53.29542173712071,,hf_real,
meta-llama/Meta-Llama-3-8B-Instruct,1024,64,142606336,136.0,0.3045435469975928,2.2193643409991637,0.3045435469975928,2.2193643409991637,200Gbps,25000000000.0,ethernet_100us,9.999999999999999e-05,0.0058042534400000005,True,52.469029849529235,,hf_real,
meta-llama/Meta-Llama-3-8B-Instruct,1024,64,142606336,136.0,0.3045435469975928,2.2193643409991637,0.3045435469975928,2.2193643409991637,400Gbps,50000000000.0,rdma_10us,9.999999999999999e-06,0.00286212672,True,106.40463431248521,,hf_real,
meta-llama/Meta-Llama-3-8B-Instruct,1024,64,142606336,136.0,0.3045435469975928,2.2193643409991637,0.3045435469975928,2.2193643409991637,400Gbps,50000000000.0,ethernet_100us,9.999999999999999e-05,0.00295212672,True,103.16072983397976,,hf_real,
meta-llama/Meta-Llama-3-8B-Instruct,2048,64,276824064,264.0,0.20640413100045407,2.1665806970013364,0.20640413100045407,2.1665806970013364,10Gbps,1250000000.0,rdma_10us,9.999999999999999e-06,0.22146925120000002,False,0.9319764702417256,,hf_real,
meta-llama/Meta-Llama-3-8B-Instruct,2048,64,276824064,264.0,0.20640413100045407,2.1665806970013364,0.20640413100045407,2.1665806970013364,10Gbps,1250000000.0,ethernet_100us,9.999999999999999e-05,0.2215592512,False,0.9315978903274704,,hf_real,
meta-llama/Meta-Llama-3-8B-Instruct,2048,64,276824064,264.0,0.20640413100045407,2.1665806970013364,0.20640413100045407,2.1665806970013364,25Gbps,3125000000.0,rdma_10us,9.999999999999999e-06,0.08859370048,True,2.3297833805581893,,hf_real,
meta-llama/Meta-Llama-3-8B-Instruct,2048,64,276824064,264.0,0.20640413100045407,2.1665806970013364,0.20640413100045407,2.1665806970013364,25Gbps,3125000000.0,ethernet_100us,9.999999999999999e-05,0.08868370048,True,2.327419017060553,,hf_real,
meta-llama/Meta-Llama-3-8B-Instruct,2048,64,276824064,264.0,0.20640413100045407,2.1665806970013364,0.20640413100045407,2.1665806970013364,100Gbps,12500000000.0,rdma_10us,9.999999999999999e-06,0.02215592512,True,9.315978903274704,,hf_real,
meta-llama/Meta-Llama-3-8B-Instruct,2048,64,276824064,264.0,0.20640413100045407,2.1665806970013364,0.20640413100045407,2.1665806970013364,100Gbps,12500000000.0,ethernet_100us,9.999999999999999e-05,0.02224592512,True,9.278289389497598,,hf_real,
meta-llama/Meta-Llama-3-8B-Instruct,2048,64,276824064,264.0,0.20640413100045407,2.1665806970013364,0.20640413100045407,2.1665806970013364,200Gbps,25000000000.0,rdma_10us,9.999999999999999e-06,0.01108296256,True,18.623552130853184,,hf_real,
meta-llama/Meta-Llama-3-8B-Instruct,2048,64,276824064,264.0,0.20640413100045407,2.1665806970013364,0.20640413100045407,2.1665806970013364,200Gbps,25000000000.0,ethernet_100us,9.999999999999999e-05,0.01117296256,True,18.473536440495696,,hf_real,
meta-llama/Meta-Llama-3-8B-Instruct,2048,64,276824064,264.0,0.20640413100045407,2.1665806970013364,0.20640413100045407,2.1665806970013364,400Gbps,50000000000.0,rdma_10us,9.999999999999999e-06,0.0055464812799999996,True,37.21352702383124,,hf_real,
meta-llama/Meta-Llama-3-8B-Instruct,2048,64,276824064,264.0,0.20640413100045407,2.1665806970013364,0.20640413100045407,2.1665806970013364,400Gbps,50000000000.0,ethernet_100us,9.999999999999999e-05,0.00563648128,True,36.619323430176294,,hf_real,
meta-llama/Meta-Llama-3-8B-Instruct,4096,64,545259520,520.0,0.4035231410016422,2.1571529870016093,0.4035231410016422,2.1571529870016093,10Gbps,1250000000.0,rdma_10us,9.999999999999999e-06,0.43621761600000003,False,0.9250500809706919,,hf_real,
meta-llama/Meta-Llama-3-8B-Instruct,4096,64,545259520,520.0,0.4035231410016422,2.1571529870016093,0.4035231410016422,2.1571529870016093,10Gbps,1250000000.0,ethernet_100us,9.999999999999999e-05,0.436307616,False,0.9248592648945239,,hf_real,
meta-llama/Meta-Llama-3-8B-Instruct,4096,64,545259520,520.0,0.4035231410016422,2.1571529870016093,0.4035231410016422,2.1571529870016093,25Gbps,3125000000.0,rdma_10us,9.999999999999999e-06,0.17449304640000002,True,2.3125456820590085,,hf_real,
meta-llama/Meta-Llama-3-8B-Instruct,4096,64,545259520,520.0,0.4035231410016422,2.1571529870016093,0.4035231410016422,2.1571529870016093,25Gbps,3125000000.0,ethernet_100us,9.999999999999999e-05,0.1745830464,True,2.3113535324449592,,hf_real,
meta-llama/Meta-Llama-3-8B-Instruct,4096,64,545259520,520.0,0.4035231410016422,2.1571529870016093,0.4035231410016422,2.1571529870016093,100Gbps,12500000000.0,rdma_10us,9.999999999999999e-06,0.043630761600000005,True,9.248592648945237,,hf_real,
meta-llama/Meta-Llama-3-8B-Instruct,4096,64,545259520,520.0,0.4035231410016422,2.1571529870016093,0.4035231410016422,2.1571529870016093,100Gbps,12500000000.0,ethernet_100us,9.999999999999999e-05,0.043720761600000005,True,9.229554249156587,,hf_real,
meta-llama/Meta-Llama-3-8B-Instruct,4096,64,545259520,520.0,0.4035231410016422,2.1571529870016093,0.4035231410016422,2.1571529870016093,200Gbps,25000000000.0,rdma_10us,9.999999999999999e-06,0.0218203808,True,18.49294678677845,,hf_real,
meta-llama/Meta-Llama-3-8B-Instruct,4096,64,545259520,520.0,0.4035231410016422,2.1571529870016093,0.4035231410016422,2.1571529870016093,200Gbps,25000000000.0,ethernet_100us,9.999999999999999e-05,0.0219103808,True,18.416984382199427,,hf_real,
meta-llama/Meta-Llama-3-8B-Instruct,4096,64,545259520,520.0,0.4035231410016422,2.1571529870016093,0.4035231410016422,2.1571529870016093,400Gbps,50000000000.0,rdma_10us,9.999999999999999e-06,0.0109151904,True,36.968951178500944,,hf_real,
meta-llama/Meta-Llama-3-8B-Instruct,4096,64,545259520,520.0,0.4035231410016422,2.1571529870016093,0.4035231410016422,2.1571529870016093,400Gbps,50000000000.0,ethernet_100us,9.999999999999999e-05,0.0110051904,True,36.666620597644744,,hf_real,
meta-llama/Meta-Llama-3-8B-Instruct,6144,64,813694976,776.0,0.5788922430001548,2.1559502749987587,0.5788922430001548,2.1559502749987587,10Gbps,1250000000.0,rdma_10us,9.999999999999999e-06,0.6509659807999999,False,0.8892818673699806,,hf_real,
meta-llama/Meta-Llama-3-8B-Instruct,6144,64,813694976,776.0,0.5788922430001548,2.1559502749987587,0.5788922430001548,2.1559502749987587,10Gbps,1250000000.0,ethernet_100us,9.999999999999999e-05,0.6510559807999999,False,0.8891589357474725,,hf_real,
meta-llama/Meta-Llama-3-8B-Instruct,6144,64,813694976,776.0,0.5788922430001548,2.1559502749987587,0.5788922430001548,2.1559502749987587,25Gbps,3125000000.0,rdma_10us,9.999999999999999e-06,0.26039239232,True,2.223153441014305,,hf_real,
meta-llama/Meta-Llama-3-8B-Instruct,6144,64,813694976,776.0,0.5788922430001548,2.1559502749987587,0.5788922430001548,2.1559502749987587,25Gbps,3125000000.0,ethernet_100us,9.999999999999999e-05,0.26048239232,True,2.222385313050226,,hf_real,
meta-llama/Meta-Llama-3-8B-Instruct,6144,64,813694976,776.0,0.5788922430001548,2.1559502749987587,0.5788922430001548,2.1559502749987587,100Gbps,12500000000.0,rdma_10us,9.999999999999999e-06,0.06510559808,True,8.891589357474725,,hf_real,
meta-llama/Meta-Llama-3-8B-Instruct,6144,64,813694976,776.0,0.5788922430001548,2.1559502749987587,0.5788922430001548,2.1559502749987587,100Gbps,12500000000.0,ethernet_100us,9.999999999999999e-05,0.06519559808,True,8.879314862482122,,hf_real,
meta-llama/Meta-Llama-3-8B-Instruct,6144,64,813694976,776.0,0.5788922430001548,2.1559502749987587,0.5788922430001548,2.1559502749987587,200Gbps,25000000000.0,rdma_10us,9.999999999999999e-06,0.03255779904,True,17.780447698228524,,hf_real,
meta-llama/Meta-Llama-3-8B-Instruct,6144,64,813694976,776.0,0.5788922430001548,2.1559502749987587,0.5788922430001548,2.1559502749987587,200Gbps,25000000000.0,ethernet_100us,9.999999999999999e-05,0.03264779904,True,17.73143244023579,,hf_real,
meta-llama/Meta-Llama-3-8B-Instruct,6144,64,813694976,776.0,0.5788922430001548,2.1559502749987587,0.5788922430001548,2.1559502749987587,400Gbps,50000000000.0,rdma_10us,9.999999999999999e-06,0.01628389952,True,35.54997636095429,,hf_real,
meta-llama/Meta-Llama-3-8B-Instruct,6144,64,813694976,776.0,0.5788922430001548,2.1559502749987587,0.5788922430001548,2.1559502749987587,400Gbps,50000000000.0,ethernet_100us,9.999999999999999e-05,0.01637389952,True,35.354574045911505,,hf_real,
meta-llama/Meta-Llama-3-8B-Instruct,7680,64,1015021568,968.0,0.7512869460006186,2.1463650580008107,0.7512869460006186,2.1463650580008107,10Gbps,1250000000.0,rdma_10us,9.999999999999999e-06,0.8120272544,False,0.9251991751874611,,hf_real,
meta-llama/Meta-Llama-3-8B-Instruct,7680,64,1015021568,968.0,0.7512869460006186,2.1463650580008107,0.7512869460006186,2.1463650580008107,10Gbps,1250000000.0,ethernet_100us,9.999999999999999e-05,0.8121172544,False,0.9250966432866601,,hf_real,
meta-llama/Meta-Llama-3-8B-Instruct,7680,64,1015021568,968.0,0.7512869460006186,2.1463650580008107,0.7512869460006186,2.1463650580008107,25Gbps,3125000000.0,rdma_10us,9.999999999999999e-06,0.32481690176,True,2.3129552123975614,,hf_real,
meta-llama/Meta-Llama-3-8B-Instruct,7680,64,1015021568,968.0,0.7512869460006186,2.1463650580008107,0.7512869460006186,2.1463650580008107,25Gbps,3125000000.0,ethernet_100us,9.999999999999999e-05,0.32490690176,True,2.312314518192581,,hf_real,
meta-llama/Meta-Llama-3-8B-Instruct,7680,64,1015021568,968.0,0.7512869460006186,2.1463650580008107,0.7512869460006186,2.1463650580008107,100Gbps,12500000000.0,rdma_10us,9.999999999999999e-06,0.08121172544,True,9.250966432866603,,hf_real,
meta-llama/Meta-Llama-3-8B-Instruct,7680,64,1015021568,968.0,0.7512869460006186,2.1463650580008107,0.7512869460006186,2.1463650580008107,100Gbps,12500000000.0,ethernet_100us,9.999999999999999e-05,0.08130172544,True,9.240725727955947,,hf_real,
meta-llama/Meta-Llama-3-8B-Instruct,7680,64,1015021568,968.0,0.7512869460006186,2.1463650580008107,0.7512869460006186,2.1463650580008107,200Gbps,25000000000.0,rdma_10us,9.999999999999999e-06,0.04061086272,True,18.499654912049564,,hf_real,
meta-llama/Meta-Llama-3-8B-Instruct,7680,64,1015021568,968.0,0.7512869460006186,2.1463650580008107,0.7512869460006186,2.1463650580008107,200Gbps,25000000000.0,ethernet_100us,9.999999999999999e-05,0.04070086272,True,18.45874745135178,,hf_real,
meta-llama/Meta-Llama-3-8B-Instruct,7680,64,1015021568,968.0,0.7512869460006186,2.1463650580008107,0.7512869460006186,2.1463650580008107,400Gbps,50000000000.0,rdma_10us,9.999999999999999e-06,0.02031043136,True,36.99020137406962,,hf_real,
meta-llama/Meta-Llama-3-8B-Instruct,7680,64,1015021568,968.0,0.7512869460006186,2.1463650580008107,0.7512869460006186,2.1463650580008107,400Gbps,50000000000.0,ethernet_100us,9.999999999999999e-05,0.02040043136,True,36.82701275982326,,hf_real,
meta-llama/Meta-Llama-3-8B-Instruct,8128,64,1073741824,1024.0,0.7618573949985148,2.164557035001053,0.7618573949985148,2.164557035001053,10Gbps,1250000000.0,rdma_10us,9.999999999999999e-06,0.8590034592,False,0.8869084132769868,,hf_real,
meta-llama/Meta-Llama-3-8B-Instruct,8128,64,1073741824,1024.0,0.7618573949985148,2.164557035001053,0.7618573949985148,2.164557035001053,10Gbps,1250000000.0,ethernet_100us,9.999999999999999e-05,0.8590934592,False,0.8868154993380664,,hf_real,
meta-llama/Meta-Llama-3-8B-Instruct,8128,64,1073741824,1024.0,0.7618573949985148,2.164557035001053,0.7618573949985148,2.164557035001053,25Gbps,3125000000.0,rdma_10us,9.999999999999999e-06,0.34360738368,True,2.217232315671159,,hf_real,
meta-llama/Meta-Llama-3-8B-Instruct,8128,64,1073741824,1024.0,0.7618573949985148,2.164557035001053,0.7618573949985148,2.164557035001053,25Gbps,3125000000.0,ethernet_100us,9.999999999999999e-05,0.34369738367999997,True,2.216651715067588,,hf_real,
meta-llama/Meta-Llama-3-8B-Instruct,8128,64,1073741824,1024.0,0.7618573949985148,2.164557035001053,0.7618573949985148,2.164557035001053,100Gbps,12500000000.0,rdma_10us,9.999999999999999e-06,0.08590934591999999,True,8.868154993380665,,hf_real,
meta-llama/Meta-Llama-3-8B-Instruct,8128,64,1073741824,1024.0,0.7618573949985148,2.164557035001053,0.7618573949985148,2.164557035001053,100Gbps,12500000000.0,ethernet_100us,9.999999999999999e-05,0.08599934592,True,8.858874295476907,,hf_real,
meta-llama/Meta-Llama-3-8B-Instruct,8128,64,1073741824,1024.0,0.7618573949985148,2.164557035001053,0.7618573949985148,2.164557035001053,200Gbps,25000000000.0,rdma_10us,9.999999999999999e-06,0.04295967296,True,17.734245689157937,,hf_real,
meta-llama/Meta-Llama-3-8B-Instruct,8128,64,1073741824,1024.0,0.7618573949985148,2.164557035001053,0.7618573949985148,2.164557035001053,200Gbps,25000000000.0,ethernet_100us,9.999999999999999e-05,0.04304967296,True,17.69717032940997,,hf_real,
meta-llama/Meta-Llama-3-8B-Instruct,8128,64,1073741824,1024.0,0.7618573949985148,2.164557035001053,0.7618573949985148,2.164557035001053,400Gbps,50000000000.0,rdma_10us,9.999999999999999e-06,0.02148483648,True,35.4602370703505,,hf_real,
meta-llama/Meta-Llama-3-8B-Instruct,8128,64,1073741824,1024.0,0.7618573949985148,2.164557035001053,0.7618573949985148,2.164557035001053,400Gbps,50000000000.0,ethernet_100us,9.999999999999999e-05,0.021574836479999998,True,35.312313755182394,,hf_real,
